Date;Belgium;Bulgaria;Czechia;Denmark;Germany;Estonia;Ireland;Greece;Spain;France;Croatia;Italy;Cyprus;Latvia;Lithuania;Luxembourg;Hungary;Malta;Netherlands;Austria;Poland;Portugal;Romania;Slovenia;Slovakia;Finland;Sweden;Iceland;Norway;Switzerland;United Kingdom;Turkey
1983-01;0,00;0,00;0,00;-0,46;0,00;0,00;-5,06;0,00;0,00;0,00;0,00;1,04;0,00;0,00;0,00;4,54;0,00;0,00;-1,76;0,00;0,00;0,00;0,00;0,00;0,00;0,00;4,44;0,00;0,00;0,00;-2,76;0,00
1983-02;0,00;0,00;0,00;-0,81;0,00;0,00;-5,21;0,00;0,00;0,00;0,00;1,09;0,00;0,00;0,00;4,69;0,00;0,00;-1,81;0,00;0,00;0,00;0,00;0,00;0,00;0,00;4,59;0,00;0,00;0,00;-2,51;0,00
1983-03;0,00;0,00;0,00;-0,73;0,00;0,00;-5,33;0,00;0,00;0,00;0,00;0,97;0,00;0,00;0,00;4,87;0,00;0,00;-1,93;0,00;0,00;0,00;0,00;0,00;0,00;0,00;4,57;0,00;0,00;0,00;-2,43;0,00
1983-04;0,00;0,00;0,00;-0,79;0,00;0,00;-5,49;0,00;0,00;0,00;0,00;0,81;0,00;0,00;0,00;4,81;0,00;0,00;-1,59;0,00;0,00;0,00;0,00;0,00;0,00;0,00;5,01;0,00;0,00;0,00;-2,79;0,00
1983-05;0,00;0,00;0,00;-0,50;0,00;0,00;-5,60;0,00;0,00;0,00;0,00;0,80;0,00;0,00;0,00;4,80;0,00;0,00;-1,40;0,00;0,00;0,00;0,00;0,00;0,00;0,00;4,60;0,00;0,00;0,00;-2,70;0,00
1983-06;0,00;0,00;0,00;-0,04;0,00;0,00;-5,64;0,00;0,00;0,00;0,00;0,76;0,00;0,00;0,00;4,86;0,00;0,00;-1,74;0,00;0,00;0,00;0,00;0,00;0,00;0,00;4,46;0,00;0,00;0,00;-2,64;0,00
1983-07;0,00;0,00;0,00;0,10;0,00;0,00;-6,10;0,00;0,00;0,00;0,00;0,70;0,00;0,00;0,00;4,60;0,00;0,00;-1,00;0,00;0,00;0,00;0,00;0,00;0,00;0,00;4,60;0,00;0,00;0,00;-2,90;0,00
1983-08;0,00;0,00;0,00;0,24;0,00;0,00;-6,16;0,00;0,00;0,00;0,00;0,84;0,00;0,00;0,00;4,64;0,00;0,00;-0,86;0,00;0,00;0,00;0,00;0,00;0,00;0,00;4,04;0,00;0,00;0,00;-2,76;0,00
1983-09;0,00;0,00;0,00;0,30;0,00;0,00;-5,90;0,00;0,00;0,00;0,00;0,90;0,00;0,00;0,00;4,90;0,00;0,00;-1,20;0,00;0,00;0,00;0,00;0,00;0,00;0,00;3,90;0,00;0,00;0,00;-2,90;0,00
1983-10;0,00;0,00;0,00;0,10;0,00;0,00;-6,00;0,00;0,00;0,00;0,00;0,60;0,00;0,00;0,00;4,80;0,00;0,00;-1,30;0,00;0,00;0,00;0,00;0,00;0,00;0,00;4,40;0,00;0,00;0,00;-2,60;0,00
1983-11;0,00;0,00;0,00;0,09;0,00;0,00;-6,11;0,00;0,00;0,00;0,00;0,49;0,00;0,00;0,00;4,69;0,00;0,00;-1,21;0,00;0,00;0,00;0,00;0,00;0,00;0,00;4,59;0,00;0,00;0,00;-2,51;0,00
1983-12;0,00;0,00;0,00;-0,11;0,00;0,00;-6,51;0,00;0,00;0,00;0,00;0,39;0,00;0,00;0,00;4,69;0,00;0,00;-0,51;0,00;0,00;0,00;0,00;0,00;0,00;0,00;4,59;0,00;0,00;0,00;-2,51;0,00
1984-01;0,00;0,00;0,00;-0,07;0,00;0,00;-6,57;0,00;0,00;0,00;0,00;0,53;0,00;0,00;0,00;5,03;0,00;0,00;-1,17;0,00;0,00;0,00;0,00;0,00;0,00;0,00;4,53;0,00;0,00;0,00;-2,27;0,00
1984-02;0,00;0,00;0,00;-0,53;0,00;0,00;-6,73;0,00;0,00;0,00;0,00;0,57;0,00;0,00;0,00;5,07;0,00;0,00;-1,43;0,00;0,00;0,00;0,00;0,00;0,00;0,00;5,27;0,00;0,00;0,00;-2,23;0,00
1984-03;0,00;0,00;0,00;-0,47;0,00;0,00;-6,87;0,00;0,00;0,00;0,00;0,63;0,00;0,00;0,00;5,23;0,00;0,00;-1,57;0,00;0,00;0,00;0,00;0,00;0,00;0,00;5,23;0,00;0,00;0,00;-2,17;0,00
1984-04;0,00;0,00;0,00;-0,34;0,00;0,00;-7,04;0,00;0,00;0,00;0,00;0,56;0,00;0,00;0,00;5,46;0,00;0,00;-1,24;0,00;0,00;0,00;0,00;0,00;0,00;0,00;4,86;0,00;0,00;0,00;-2,24;0,00
1984-05;0,00;0,00;0,00;0,06;0,00;0,00;-7,14;0,00;0,00;0,00;0,00;0,36;0,00;0,00;0,00;5,36;0,00;0,00;-1,24;0,00;0,00;0,00;0,00;0,00;0,00;0,00;5,16;0,00;0,00;0,00;-2,54;0,00
1984-06;0,00;0,00;0,00;0,46;0,00;0,00;-7,24;0,00;0,00;0,00;0,00;0,26;0,00;0,00;0,00;5,36;0,00;0,00;-1,54;0,00;0,00;0,00;0,00;0,00;0,00;0,00;5,16;0,00;0,00;0,00;-2,44;0,00
1984-07;0,00;0,00;0,00;0,67;0,00;0,00;-7,53;0,00;0,00;0,00;0,00;0,37;0,00;0,00;0,00;5,17;0,00;0,00;-0,73;0,00;0,00;0,00;0,00;0,00;0,00;0,00;4,77;0,00;0,00;0,00;-2,73;0,00
1984-08;0,00;0,00;0,00;0,76;0,00;0,00;-7,64;0,00;0,00;0,00;0,00;0,46;0,00;0,00;0,00;5,16;0,00;0,00;-0,64;0,00;0,00;0,00;0,00;0,00;0,00;0,00;4,66;0,00;0,00;0,00;-2,74;0,00
1984-09;0,00;0,00;0,00;0,81;0,00;0,00;-7,49;0,00;0,00;0,00;0,00;0,51;0,00;0,00;0,00;5,31;0,00;0,00;-0,99;0,00;0,00;0,00;0,00;0,00;0,00;0,00;4,91;0,00;0,00;0,00;-3,09;0,00
1984-10;0,00;0,00;0,00;0,89;0,00;0,00;-7,31;0,00;0,00;0,00;0,00;0,39;0,00;0,00;0,00;5,19;0,00;0,00;-0,91;0,00;0,00;0,00;0,00;0,00;0,00;0,00;4,69;0,00;0,00;0,00;-2,91;0,00
1984-11;0,00;0,00;0,00;0,87;0,00;0,00;-7,53;0,00;0,00;0,00;0,00;0,17;0,00;0,00;0,00;5,07;0,00;0,00;-0,83;0,00;0,00;0,00;0,00;0,00;0,00;0,00;5,17;0,00;0,00;0,00;-2,93;0,00
1984-12;0,00;0,00;0,00;0,83;0,00;0,00;-7,97;0,00;0,00;0,00;0,00;0,13;0,00;0,00;0,00;5,03;0,00;0,00;-0,27;0,00;0,00;0,00;0,00;0,00;0,00;0,00;5,33;0,00;0,00;0,00;-3,07;0,00
1985-01;0,00;0,00;0,00;0,79;0,00;0,00;-8,11;0,00;0,00;0,00;0,00;0,39;0,00;0,00;0,00;5,49;0,00;0,00;-0,71;0,00;0,00;0,00;0,00;0,00;0,00;0,00;4,99;0,00;0,00;0,00;-2,81;0,00
1985-02;0,00;0,00;0,00;0,36;0,00;0,00;-8,34;0,00;0,00;0,00;0,00;0,46;0,00;0,00;0,00;5,46;0,00;0,00;-0,84;0,00;0,00;0,00;0,00;0,00;0,00;0,00;5,66;0,00;0,00;0,00;-2,74;0,00
1985-03;0,00;0,00;0,00;0,40;0,00;0,00;-8,30;0,00;0,00;0,00;0,00;0,50;0,00;0,00;0,00;5,50;0,00;0,00;-0,90;0,00;0,00;0,00;0,00;0,00;0,00;0,00;5,50;0,00;0,00;0,00;-2,70;0,00
1985-04;0,00;0,00;0,00;0,61;0,00;0,00;-8,49;0,00;0,00;0,00;0,00;0,41;0,00;0,00;0,00;5,41;0,00;0,00;-0,49;0,00;0,00;0,00;0,00;0,00;0,00;0,00;5,41;0,00;0,00;0,00;-2,89;0,00
1985-05;0,00;0,00;0,00;0,99;0,00;0,00;-8,51;0,00;0,00;0,00;0,00;0,29;0,00;0,00;0,00;5,29;0,00;0,00;-0,41;0,00;0,00;0,00;0,00;0,00;0,00;0,00;5,39;0,00;0,00;0,00;-3,01;0,00
1985-06;0,00;0,00;0,00;1,56;0,00;0,00;-8,64;0,00;0,00;0,00;0,00;-0,04;0,00;0,00;0,00;5,36;0,00;0,00;-0,64;0,00;0,00;0,00;0,00;0,00;0,00;0,00;5,36;0,00;0,00;0,00;-2,94;0,00
1985-07;0,00;0,00;0,00;1,81;0,00;0,00;-9,09;0,00;0,00;0,00;0,00;-0,09;0,00;0,00;0,00;5,21;0,00;0,00;0,11;0,00;0,00;0,00;0,00;0,00;0,00;0,00;5,31;0,00;0,00;0,00;-3,29;0,00
1985-08;0,00;0,00;0,00;1,99;0,00;0,00;-9,21;0,00;0,00;0,00;0,00;-0,01;0,00;0,00;0,00;5,29;0,00;0,00;0,19;0,00;0,00;0,00;0,00;0,00;0,00;0,00;4,99;0,00;0,00;0,00;-3,21;0,00
1985-09;0,00;0,00;0,00;2,24;0,00;0,00;-8,96;0,00;0,00;0,00;0,00;-0,06;0,00;0,00;0,00;5,34;0,00;0,00;-0,06;0,00;0,00;0,00;0,00;0,00;0,00;0,00;4,84;0,00;0,00;0,00;-3,36;0,00
1985-10;0,00;0,00;0,00;2,24;0,00;0,00;-8,76;0,00;0,00;0,00;0,00;-0,46;0,00;0,00;0,00;5,04;0,00;0,00;-0,16;0,00;0,00;0,00;0,00;0,00;0,00;0,00;5,34;0,00;0,00;0,00;-3,26;0,00
1985-11;0,00;0,00;0,00;2,44;0,00;0,00;-8,66;0,00;0,00;0,00;0,00;-0,66;0,00;0,00;0,00;4,94;0,00;0,00;-0,16;0,00;0,00;0,00;0,00;0,00;0,00;0,00;5,24;0,00;0,00;0,00;-3,16;0,00
1985-12;0,00;0,00;0,00;2,43;0,00;0,00;-8,97;0,00;0,00;0,00;0,00;-0,67;0,00;0,00;0,00;4,93;0,00;0,00;0,43;0,00;0,00;0,00;0,00;0,00;0,00;0,00;5,13;0,00;0,00;0,00;-3,27;0,00
1986-01;0,00;0,00;0,00;2,54;0,00;0,00;-9,06;0,00;0,00;0,00;0,00;-0,56;0,00;0,00;0,00;5,14;0,00;0,00;-0,06;0,00;0,00;0,00;0,00;0,00;0,00;0,00;5,14;0,00;0,00;0,00;-3,16;0,00
1986-02;0,00;0,00;0,00;2,27;0,00;0,00;-8,93;0,00;0,00;0,00;0,00;-0,63;0,00;0,00;0,00;5,17;0,00;0,00;-0,13;0,00;0,00;0,00;0,00;0,00;0,00;0,00;5,27;0,00;0,00;0,00;-3,03;0,00
1986-03;0,00;0,00;0,00;2,40;0,00;0,00;-8,90;0,00;0,00;0,00;0,00;-0,60;0,00;0,00;0,00;5,30;0,00;0,00;-0,20;0,00;0,00;0,00;0,00;0,00;0,00;0,00;5,10;0,00;0,00;0,00;-3,10;0,00
1986-04;-0,17;0,00;0,00;4,03;0,00;0,00;-7,27;0,00;-11,37;0,00;0,00;0,83;0,00;0,00;0,00;6,93;0,00;0,00;1,73;0,00;0,00;0,00;0,00;0,00;0,00;0,00;7,03;0,00;0,00;0,00;-1,77;0,00
1986-05;-0,29;0,00;0,00;4,41;0,00;0,00;-7,29;0,00;-11,29;0,00;0,00;0,71;0,00;0,00;0,00;6,81;0,00;0,00;1,81;0,00;0,00;0,00;0,00;0,00;0,00;0,00;6,91;0,00;0,00;0,00;-1,79;0,00
1986-06;-0,21;0,00;0,00;4,69;0,00;0,00;-7,51;0,00;-11,11;0,00;0,00;0,59;0,00;0,00;0,00;6,89;0,00;0,00;1,59;0,00;0,00;0,00;0,00;0,00;0,00;0,00;6,89;0,00;0,00;0,00;-1,81;0,00
1986-07;-0,66;0,00;0,00;4,74;0,00;0,00;-7,76;0,00;-10,96;0,00;0,00;0,54;0,00;0,00;0,00;6,94;0,00;0,00;2,24;0,00;0,00;0,00;0,00;0,00;0,00;0,00;6,94;0,00;0,00;0,00;-2,06;0,00
1986-08;-0,92;0,00;0,00;4,88;0,00;0,00;-7,72;0,00;-10,62;0,00;0,00;0,58;0,00;0,00;0,00;7,08;0,00;0,00;2,28;0,00;0,00;0,00;0,00;0,00;0,00;0,00;6,48;0,00;0,00;0,00;-2,02;0,00
1986-09;-0,87;0,00;0,00;4,93;0,00;0,00;-7,37;0,00;-10,57;0,00;0,00;0,43;0,00;0,00;0,00;7,13;0,00;0,00;2,03;0,00;0,00;0,00;0,00;0,00;0,00;0,00;6,33;0,00;0,00;0,00;-2,07;0,00
1986-10;-1,04;0,00;0,00;4,76;0,00;0,00;-7,04;0,00;-10,64;0,00;0,00;0,06;0,00;0,00;0,00;7,06;0,00;0,00;1,86;0,00;0,00;0,00;0,00;0,00;0,00;0,00;6,86;0,00;0,00;0,00;-1,84;0,00
1986-11;-0,91;0,00;0,00;4,69;0,00;0,00;-7,01;0,00;-10,71;0,00;0,00;0,09;0,00;0,00;0,00;6,99;0,00;0,00;1,89;0,00;0,00;0,00;0,00;0,00;0,00;0,00;6,69;0,00;0,00;0,00;-1,71;0,00
1986-12;-0,89;0,00;0,00;4,51;0,00;0,00;-7,39;0,00;-10,69;0,00;0,00;0,11;0,00;0,00;0,00;6,91;0,00;0,00;2,41;0,00;0,00;0,00;0,00;0,00;0,00;0,00;6,81;0,00;0,00;0,00;-1,79;0,00
1987-01;-0,60;0,00;0,00;4,30;0,00;0,00;-7,50;0,00;-10,70;0,00;0,00;0,20;0,00;0,00;0,00;7,00;0,00;0,00;1,90;0,00;0,00;0,00;0,00;0,00;0,00;0,00;7,10;0,00;0,00;0,00;-1,70;0,00
1987-02;-0,39;0,00;0,00;3,91;0,00;0,00;-7,39;0,00;-10,69;0,00;0,00;0,21;0,00;0,00;0,00;6,91;0,00;0,00;1,71;0,00;0,00;0,00;0,00;0,00;0,00;0,00;7,21;0,00;0,00;0,00;-1,49;0,00
1987-03;-0,19;0,00;0,00;3,81;0,00;0,00;-7,19;0,00;-10,59;0,00;0,00;0,21;0,00;0,00;0,00;6,81;0,00;0,00;1,51;0,00;0,00;0,00;0,00;0,00;0,00;0,00;7,01;0,00;0,00;0,00;-1,39;0,00
1987-04;-0,23;0,00;0,00;3,87;0,00;0,00;-7,33;0,00;-10,63;0,00;0,00;0,07;0,00;0,00;0,00;6,77;0,00;0,00;1,77;0,00;0,00;0,00;0,00;0,00;0,00;0,00;7,17;0,00;0,00;0,00;-1,43;0,00
1987-05;-0,23;0,00;0,00;4,07;0,00;0,00;-7,43;0,00;-10,53;0,00;0,00;-0,33;0,00;0,00;0,00;6,77;0,00;0,00;1,77;0,00;0,00;0,00;0,00;0,00;0,00;0,00;7,17;0,00;0,00;0,00;-1,23;0,00
1987-06;-0,26;0,00;0,00;4,34;0,00;0,00;-7,46;0,00;-10,46;0,00;0,00;-0,66;0,00;0,00;0,00;6,84;0,00;0,00;1,54;0,00;0,00;0,00;0,00;0,00;0,00;0,00;7,24;0,00;0,00;0,00;-1,16;0,00
1987-07;-0,60;0,00;0,00;4,50;0,00;0,00;-7,60;0,00;-10,50;0,00;0,00;-0,60;0,00;0,00;0,00;6,80;0,00;0,00;2,20;0,00;0,00;0,00;0,00;0,00;0,00;0,00;7,00;0,00;0,00;0,00;-1,20;0,00
1987-08;-0,87;0,00;0,00;4,63;0,00;0,00;-7,57;0,00;-10,27;0,00;0,00;-0,57;0,00;0,00;0,00;6,93;0,00;0,00;2,23;0,00;0,00;0,00;0,00;0,00;0,00;0,00;6,43;0,00;0,00;0,00;-0,97;0,00
1987-09;-0,84;0,00;0,00;4,56;0,00;0,00;-7,34;0,00;-10,34;0,00;0,00;-0,64;0,00;0,00;0,00;6,86;0,00;0,00;1,76;0,00;0,00;0,00;0,00;0,00;0,00;0,00;6,96;0,00;0,00;0,00;-0,94;0,00
1987-10;-0,92;0,00;0,00;4,38;0,00;0,00;-7,12;0,00;-10,32;0,00;0,00;-0,82;0,00;0,00;0,00;6,68;0,00;0,00;1,58;0,00;0,00;0,00;0,00;0,00;0,00;0,00;7,18;0,00;0,00;0,00;-0,62;0,00
1987-11;-0,78;0,00;0,00;4,22;0,00;0,00;-7,08;0,00;-10,28;0,00;0,00;-0,88;0,00;0,00;0,00;6,62;0,00;0,00;1,52;0,00;0,00;0,00;0,00;0,00;0,00;0,00;7,02;0,00;0,00;0,00;-0,38;0,00
1987-12;-0,70;0,00;0,00;4,00;0,00;0,00;-7,50;0,00;-10,30;0,00;0,00;-0,80;0,00;0,00;0,00;6,60;0,00;0,00;1,90;0,00;0,00;0,00;0,00;0,00;0,00;0,00;7,20;0,00;0,00;0,00;-0,40;0,00
1988-01;-0,72;0,00;0,00;3,48;0,00;0,00;-7,92;0,00;-10,72;0,00;0,00;-1,02;0,00;0,00;0,00;6,38;0,00;0,00;0,98;0,00;0,00;0,00;0,00;0,00;0,00;3,68;6,48;0,00;0,00;0,00;-0,62;0,00
1988-02;-0,73;0,00;0,00;2,87;0,00;0,00;-8,13;0,00;-10,73;0,00;0,00;-1,23;0,00;0,00;0,00;6,27;0,00;0,00;0,67;0,00;0,00;0,00;0,00;0,00;0,00;4,67;6,87;0,00;0,00;0,00;-0,53;0,00
1988-03;-0,35;0,00;0,00;2,85;0,00;0,00;-7,95;0,00;-10,65;0,00;0,00;-1,05;0,00;0,00;0,00;6,45;0,00;0,00;0,65;0,00;0,00;0,00;0,00;0,00;0,00;3,65;6,75;0,00;0,00;0,00;-0,35;0,00
1988-04;-0,22;0,00;0,00;2,78;0,00;0,00;-7,92;0,00;-10,72;0,00;0,00;-1,02;0,00;0,00;0,00;6,48;0,00;0,00;0,98;0,00;0,00;0,00;0,00;0,00;0,00;3,18;6,78;0,00;0,00;0,00;-0,32;0,00
1988-05;0,05;0,00;0,00;3,15;0,00;0,00;-7,55;0,00;-10,45;0,00;0,00;-0,85;0,00;0,00;0,00;6,75;0,00;0,00;1,25;0,00;0,00;0,00;0,00;0,00;0,00;0,45;7,05;0,00;0,00;0,00;0,15;0,00
1988-06;-0,29;0,00;0,00;2,81;0,00;0,00;-8,09;0,00;-10,89;0,00;0,00;-1,49;0,00;0,00;0,00;6,31;0,00;0,00;0,51;0,00;0,00;0,00;0,00;0,00;0,00;4,81;6,61;0,00;0,00;0,00;-0,29;0,00
1988-07;-0,62;0,00;0,00;2,88;0,00;0,00;-8,32;0,00;-10,72;0,00;0,00;-1,42;0,00;0,00;0,00;6,28;0,00;0,00;1,28;0,00;0,00;0,00;0,00;0,00;0,00;4,88;6,18;0,00;0,00;0,00;-0,42;0,00
1988-08;-0,94;0,00;0,00;2,76;0,00;0,00;-8,34;0,00;-10,34;0,00;0,00;-1,44;0,00;0,00;0,00;6,26;0,00;0,00;1,26;0,00;0,00;0,00;0,00;0,00;0,00;4,86;6,16;0,00;0,00;0,00;-0,24;0,00
1988-09;-0,81;0,00;0,00;2,59;0,00;0,00;-8,01;0,00;-10,11;0,00;0,00;-1,41;0,00;0,00;0,00;6,29;0,00;0,00;0,89;0,00;0,00;0,00;0,00;0,00;0,00;4,89;6,09;0,00;0,00;0,00;-0,41;0,00
1988-10;-0,58;0,00;0,00;2,22;0,00;0,00;-7,58;0,00;-9,88;0,00;0,00;-1,78;0,00;0,00;0,00;6,12;0,00;0,00;0,72;0,00;0,00;0,00;0,00;0,00;0,00;4,42;6,22;0,00;0,00;0,00;0,12;0,00
1988-11;-0,48;0,00;0,00;1,82;0,00;0,00;-7,58;0,00;-9,78;0,00;0,00;-2,08;0,00;0,00;0,00;6,02;0,00;0,00;0,72;0,00;0,00;0,00;0,00;0,00;0,00;4,92;6,22;0,00;0,00;0,00;0,22;0,00
1988-12;-0,35;0,00;0,00;1,45;0,00;0,00;-7,75;0,00;-9,75;0,00;0,00;-2,05;0,00;0,00;0,00;5,95;0,00;0,00;1,15;0,00;0,00;0,00;0,00;0,00;0,00;4,65;6,55;0,00;0,00;0,00;0,15;0,00
1989-01;-0,28;0,00;0,00;0,92;0,00;0,00;-7,98;0,00;-9,98;0,00;0,00;-2,18;0,00;0,00;0,00;5,92;0,00;0,00;0,42;0,00;0,00;0,00;0,00;0,00;0,00;4,22;5,92;0,00;3,12;0,00;-0,08;0,00
1989-02;-0,14;0,00;0,00;0,46;0,00;0,00;-7,94;0,00;-9,84;0,00;0,00;-2,24;0,00;0,00;0,00;5,86;0,00;0,00;0,26;0,00;0,00;0,00;0,00;0,00;0,00;4,76;5,96;0,00;2,76;0,00;0,06;0,00
1989-03;0,12;0,00;0,00;0,32;0,00;0,00;-7,68;0,00;-9,68;0,00;0,00;-2,18;0,00;0,00;0,00;5,82;0,00;0,00;0,22;0,00;0,00;0,00;0,00;0,00;0,00;3,82;6,12;0,00;3,02;0,00;0,12;0,00
1989-04;0,26;0,00;0,00;0,36;0,00;0,00;-7,54;0,00;-9,44;0,00;0,00;-2,14;0,00;0,00;0,00;5,86;0,00;0,00;0,66;0,00;0,00;0,00;0,00;0,00;0,00;2,96;5,86;0,00;2,86;0,00;0,26;0,00
1989-05;0,52;0,00;0,00;0,72;0,00;0,00;-7,28;0,00;-8,98;0,00;0,00;-2,28;0,00;0,00;0,00;5,92;0,00;0,00;0,82;0,00;0,00;0,00;0,00;0,00;0,00;1,12;6,22;0,00;2,72;0,00;0,52;0,00
1989-06;0,21;0,00;0,00;0,51;0,00;0,00;-7,69;0,00;-9,19;0,00;0,00;-2,79;0,00;0,00;0,00;5,41;0,00;0,00;0,31;0,00;0,00;0,00;0,00;0,00;0,00;4,91;5,91;0,00;2,21;0,00;0,21;0,00
1989-07;-0,15;0,00;0,00;0,65;0,00;0,00;-7,75;0,00;-8,95;0,00;0,00;-2,75;0,00;0,00;0,00;5,35;0,00;0,00;0,95;0,00;0,00;0,00;0,00;0,00;0,00;4,85;5,65;0,00;2,15;0,00;-0,05;0,00
1989-08;-0,49;0,00;0,00;0,71;0,00;0,00;-7,59;0,00;-8,79;0,00;0,00;-2,59;0,00;0,00;0,00;5,41;0,00;0,00;1,01;0,00;0,00;0,00;0,00;0,00;0,00;4,71;5,51;0,00;2,01;0,00;0,11;0,00
1989-09;-0,49;0,00;0,00;0,51;0,00;0,00;-7,29;0,00;-8,69;0,00;0,00;-2,49;0,00;0,00;0,00;5,31;0,00;0,00;0,71;0,00;0,00;0,00;0,00;0,00;0,00;4,91;5,41;0,00;1,91;0,00;0,21;0,00
1989-10;-0,26;0,00;0,00;0,34;0,00;0,00;-6,86;0,00;-9,06;0,00;0,00;-2,46;0,00;0,00;0,00;5,14;0,00;0,00;0,54;0,00;0,00;0,00;0,00;0,00;0,00;4,84;5,34;0,00;2,14;0,00;0,34;0,00
1989-11;-0,21;0,00;0,00;0,19;0,00;0,00;-6,71;0,00;-9,11;0,00;0,00;-2,41;0,00;0,00;0,00;5,09;0,00;0,00;0,59;0,00;0,00;0,00;0,00;0,00;0,00;4,49;5,49;0,00;2,19;0,00;0,39;0,00
1989-12;-0,10;0,00;0,00;0,10;0,00;0,00;-6,90;0,00;-9,20;0,00;0,00;-2,30;0,00;0,00;0,00;5,10;0,00;0,00;1,00;0,00;0,00;0,00;0,00;0,00;0,00;4,70;5,50;0,00;1,90;0,00;0,20;0,00
1990-01;0,26;0,00;0,00;-0,14;0,00;0,00;-6,84;0,00;-8,84;0,00;0,00;-2,04;0,00;0,00;0,00;5,26;0,00;0,00;0,66;0,00;0,00;0,00;0,00;0,00;0,00;4,36;5,46;0,00;1,56;0,00;0,26;0,00
1990-02;0,44;0,00;0,00;-0,46;0,00;0,00;-6,76;0,00;-8,86;0,00;0,00;-1,86;0,00;0,00;0,00;5,24;0,00;0,00;0,44;0,00;0,00;0,00;0,00;0,00;0,00;4,54;5,64;0,00;1,44;0,00;0,24;0,00
1990-03;0,52;0,00;0,00;-0,58;0,00;0,00;-6,48;0,00;-8,68;0,00;0,00;-1,78;0,00;0,00;0,00;5,32;0,00;0,00;0,42;0,00;0,00;0,00;0,00;0,00;0,00;3,82;5,62;0,00;1,62;0,00;0,22;0,00
1990-04;0,71;0,00;0,00;-0,39;0,00;0,00;-6,19;0,00;-8,69;0,00;0,00;-1,69;0,00;0,00;0,00;5,41;0,00;0,00;0,71;0,00;0,00;0,00;0,00;0,00;0,00;2,51;5,61;0,00;1,91;0,00;0,11;0,00
1990-05;0,94;0,00;0,00;0,04;0,00;0,00;-5,96;0,00;-8,36;0,00;0,00;-1,86;0,00;0,00;0,00;5,44;0,00;0,00;0,94;0,00;0,00;0,00;0,00;0,00;0,00;0,94;5,64;0,00;1,84;0,00;0,44;0,00
1990-06;0,62;0,00;0,00;-0,08;0,00;0,00;-6,48;0,00;-8,58;0,00;0,00;-2,28;0,00;0,00;0,00;5,12;0,00;0,00;0,52;0,00;0,00;0,00;0,00;0,00;0,00;4,12;5,52;0,00;1,42;0,00;0,12;0,00
1990-07;0,24;0,00;0,00;-0,06;0,00;0,00;-6,76;0,00;-8,36;0,00;0,00;-2,06;0,00;0,00;0,00;5,24;0,00;0,00;1,14;0,00;0,00;0,00;0,00;0,00;0,00;4,54;4,94;0,00;1,34;0,00;-0,16;0,00
1990-08;-0,05;0,00;0,00;-0,15;0,00;0,00;-6,85;0,00;-8,25;0,00;0,00;-1,95;0,00;0,00;0,00;5,25;0,00;0,00;1,15;0,00;0,00;0,00;0,00;0,00;0,00;4,55;4,95;0,00;1,45;0,00;-0,05;0,00
1990-09;0,00;0,00;0,00;-0,20;0,00;0,00;-6,60;0,00;-8,30;0,00;0,00;-2,00;0,00;0,00;0,00;5,30;0,00;0,00;0,90;0,00;0,00;0,00;0,00;0,00;0,00;4,40;4,80;0,00;1,80;0,00;-0,10;0,00
1990-10;0,15;0,00;0,00;-0,25;0,00;0,00;-6,35;0,00;-8,55;0,00;0,00;-1,95;0,00;0,00;0,00;5,25;0,00;0,00;0,85;0,00;0,00;0,00;0,00;0,00;0,00;3,85;4,85;0,00;2,15;0,00;0,05;0,00
1990-11;0,26;0,00;0,00;-0,34;0,00;0,00;-6,34;0,00;-8,44;0,00;0,00;-1,94;0,00;0,00;0,00;5,16;0,00;0,00;0,96;0,00;0,00;0,00;0,00;0,00;0,00;3,76;4,66;0,00;2,26;0,00;-0,04;0,00
1990-12;0,46;0,00;0,00;-0,34;0,00;0,00;-6,64;0,00;-8,44;0,00;0,00;-1,84;0,00;0,00;0,00;5,26;0,00;0,00;1,46;0,00;0,00;0,00;0,00;0,00;0,00;3,76;4,86;0,00;1,76;0,00;-0,34;0,00
1991-01;0,80;0,00;0,00;-0,60;0,00;0,00;-6,70;0,00;-8,10;0,00;0,00;-1,40;0,00;0,00;0,00;5,50;0,00;0,00;1,20;0,00;0,00;0,00;0,00;0,00;0,00;3,20;4,70;0,00;1,80;0,00;-0,40;0,00
1991-02;1,04;0,00;0,00;-0,66;0,00;0,00;-6,86;0,00;-7,96;0,00;0,00;-1,36;0,00;0,00;0,00;5,74;0,00;0,00;1,14;0,00;0,00;0,00;0,00;0,00;0,00;2,94;4,74;0,00;1,74;0,00;-0,46;0,00
1991-03;1,18;0,00;0,00;-0,72;0,00;0,00;-7,02;0,00;-7,82;0,00;0,00;-1,12;0,00;0,00;0,00;5,98;0,00;0,00;1,28;0,00;0,00;0,00;0,00;0,00;0,00;2,28;4,78;0,00;1,88;0,00;-0,72;0,00
1991-04;1,44;0,00;0,00;-0,46;0,00;0,00;-7,06;0,00;-7,66;0,00;0,00;-0,96;0,00;0,00;0,00;6,04;0,00;0,00;1,74;0,00;0,00;0,00;0,00;0,00;0,00;0,84;4,84;0,00;2,14;0,00;-0,86;0,00
1991-05;1,72;0,00;0,00;-0,08;0,00;0,00;-6,88;0,00;-7,38;0,00;0,00;-0,68;0,00;0,00;0,00;6,12;0,00;0,00;1,92;0,00;0,00;0,00;0,00;0,00;0,00;-1,48;5,22;0,00;2,42;0,00;-0,88;0,00
1991-06;1,43;0,00;0,00;-0,07;0,00;0,00;-7,37;0,00;-7,77;0,00;0,00;-0,97;0,00;0,00;0,00;5,83;0,00;0,00;1,63;0,00;0,00;0,00;0,00;0,00;0,00;1,43;4,83;0,00;2,23;0,00;-1,17;0,00
1991-07;1,19;0,00;0,00;0,09;0,00;0,00;-7,71;0,00;-7,81;0,00;0,00;-0,71;0,00;0,00;0,00;5,99;0,00;0,00;2,39;0,00;0,00;0,00;0,00;0,00;0,00;1,59;4,29;0,00;2,09;0,00;-1,41;0,00
1991-08;1,01;0,00;0,00;0,01;0,00;0,00;-7,69;0,00;-7,69;0,00;0,00;-0,59;0,00;0,00;0,00;6,11;0,00;0,00;2,51;0,00;0,00;0,00;0,00;0,00;0,00;1,51;4,21;0,00;2,01;0,00;-1,39;0,00
1991-09;1,05;0,00;0,00;0,05;0,00;0,00;-7,35;0,00;-7,95;0,00;0,00;-0,55;0,00;0,00;0,00;6,15;0,00;0,00;2,35;0,00;0,00;0,00;0,00;0,00;0,00;0,45;4,35;0,00;2,55;0,00;-1,15;0,00
1991-10;1,12;0,00;0,00;0,02;0,00;0,00;-6,98;0,00;-8,08;0,00;0,00;-0,78;0,00;0,00;0,00;6,12;0,00;0,00;2,32;0,00;0,00;0,00;0,00;0,00;0,00;0,22;4,32;0,00;2,72;0,00;-0,98;0,00
1991-11;1,18;0,00;0,00;-0,02;0,00;0,00;-6,82;0,00;-8,02;0,00;0,00;-0,82;0,00;0,00;0,00;6,08;0,00;0,00;2,38;0,00;0,00;0,00;0,00;0,00;0,00;-0,02;4,28;0,00;2,68;0,00;-0,92;0,00
1991-12;1,35;0,00;0,00;0,05;0,00;0,00;-6,85;0,00;-7,95;0,00;0,00;-0,45;0,00;0,00;0,00;6,25;0,00;0,00;2,85;0,00;0,00;0,00;0,00;0,00;0,00;-0,45;4,05;0,00;2,15;0,00;-0,95;0,00
1992-01;1,69;0,00;0,00;-0,21;0,00;0,00;-6,71;0,00;-7,81;0,00;0,00;-0,11;0,00;0,00;0,00;6,59;0,00;0,00;2,69;0,00;0,00;0,00;0,00;0,00;0,00;-1,71;3,89;0,00;2,49;0,00;-0,81;0,00
1992-02;1,86;0,00;0,00;-0,24;0,00;0,00;-6,74;0,00;-7,84;0,00;0,00;-0,24;0,00;0,00;0,00;6,56;0,00;0,00;2,56;0,00;0,00;0,00;0,00;0,00;0,00;-1,54;3,86;0,00;2,46;0,00;-0,74;0,00
1992-03;1,98;0,00;0,00;-0,22;0,00;0,00;-6,62;0,00;-7,92;0,00;0,00;-0,22;0,00;0,00;0,00;6,58;0,00;0,00;2,58;0,00;0,00;0,00;0,00;0,00;0,00;-1,82;3,68;0,00;2,68;0,00;-0,72;0,00
1992-04;2,07;0,00;0,00;-0,03;0,00;0,00;-6,63;0,00;-7,73;0,00;0,00;0,07;0,00;0,00;0,00;6,67;0,00;0,00;2,97;0,00;0,00;0,00;0,00;0,00;0,00;-3,03;3,87;0,00;2,57;0,00;-0,83;0,00
1992-05;2,25;0,00;0,00;0,45;0,00;0,00;-6,25;0,00;-7,45;0,00;0,00;0,25;0,00;0,00;0,00;6,85;0,00;0,00;3,05;0,00;0,00;0,00;0,00;0,00;0,00;-4,75;3,55;0,00;2,85;0,00;-0,75;0,00
1992-06;2,07;0,00;0,00;0,57;0,00;0,00;-6,43;0,00;-7,73;0,00;0,00;0,07;0,00;0,00;0,00;6,67;0,00;0,00;2,87;0,00;0,00;0,00;0,00;0,00;0,00;-3,03;3,47;0,00;2,67;0,00;-1,23;0,00
1992-07;1,64;0,00;0,00;0,74;0,00;0,00;-6,86;0,00;-7,76;0,00;0,00;-0,06;0,00;0,00;0,00;6,74;0,00;0,00;3,44;0,00;0,00;0,00;0,00;0,00;0,00;-1,96;2,84;0,00;2,64;0,00;-1,36;0,00
1992-08;1,45;0,00;0,00;0,55;0,00;0,00;-6,85;0,00;-7,75;0,00;0,00;0,15;0,00;0,00;0,00;6,95;0,00;0,00;3,55;0,00;0,00;0,00;0,00;0,00;0,00;-2,55;2,65;0,00;2,95;0,00;-1,05;0,00
1992-09;1,45;0,00;0,00;0,55;0,00;0,00;-6,65;0,00;-8,25;0,00;0,00;0,15;0,00;0,00;0,00;6,95;0,00;0,00;3,35;0,00;0,00;0,00;0,00;0,00;0,00;-2,75;3,05;0,00;3,05;0,00;-0,95;0,00
1992-10;1,61;0,00;0,00;0,51;0,00;0,00;-6,19;0,00;-8,79;0,00;0,00;0,21;0,00;0,00;0,00;7,01;0,00;0,00;3,31;0,00;0,00;0,00;0,00;0,00;0,00;-3,49;3,11;0,00;3,51;0,00;-0,79;0,00
1992-11;1,75;0,00;0,00;0,45;0,00;0,00;-6,05;0,00;-9,15;0,00;0,00;0,35;0,00;0,00;0,00;7,05;0,00;0,00;3,35;0,00;0,00;0,00;0,00;0,00;0,00;-3,85;2,85;0,00;3,95;0,00;-0,65;0,00
1992-12;1,64;0,00;0,00;0,24;0,00;0,00;-6,16;0,00;-9,46;0,00;0,00;0,44;0,00;0,00;0,00;7,14;0,00;0,00;3,74;0,00;0,00;0,00;0,00;0,00;0,00;-3,46;3,04;0,00;3,64;0,00;-0,76;0,00
1993-01;1,57;0,00;4,87;-0,63;0,00;0,00;-6,43;0,00;-9,93;0,00;0,00;0,77;0,00;0,00;0,00;7,17;0,00;0,00;3,17;0,00;0,00;0,00;0,00;0,00;0,00;-4,73;1,47;0,00;3,57;0,00;-0,83;0,00
1993-02;1,76;0,00;5,26;-0,54;0,00;0,00;-6,34;0,00;-10,14;0,00;0,00;1,06;0,00;0,00;0,00;7,36;0,00;0,00;3,06;0,00;0,00;0,00;0,00;0,00;0,00;-5,84;1,76;0,00;3,36;0,00;-0,74;0,00
1993-03;1,86;0,00;5,56;-0,44;0,00;0,00;-6,14;0,00;-10,54;0,00;0,00;0,66;0,00;0,00;0,00;7,46;0,00;0,00;3,06;0,00;0,00;0,00;0,00;0,00;0,00;-6,24;1,86;0,00;3,46;0,00;-0,54;0,00
1993-04;2,06;0,00;5,66;-0,34;0,00;0,00;-5,84;0,00;-10,34;0,00;0,00;0,06;0,00;0,00;0,00;7,56;0,00;0,00;3,46;0,00;0,00;0,00;0,00;0,00;0,00;-7,14;1,36;0,00;3,66;0,00;-0,14;0,00
1993-05;2,08;0,00;5,68;0,28;0,00;0,00;-5,63;0,00;-10,23;0,00;0,00;0,28;0,00;0,00;0,00;7,68;0,00;0,00;3,58;0,00;0,00;0,00;0,00;0,00;0,00;-9,03;1,58;0,00;3,88;0,00;-0,13;0,00
1993-06;1,92;0,00;5,72;0,42;0,00;0,00;-5,68;0,00;-10,78;0,00;0,00;-0,18;0,00;0,00;0,00;7,62;0,00;0,00;3,42;0,00;0,00;0,00;0,00;0,00;0,00;-6,38;0,32;0,00;4,02;0,00;-0,38;0,00
1993-07;1,39;0,00;5,29;0,59;0,00;0,00;-5,81;0,00;-11,01;0,00;0,00;-0,51;0,00;0,00;0,00;7,49;0,00;0,00;3,99;0,00;0,00;0,00;0,00;0,00;0,00;-5,01;0,09;0,00;3,89;0,00;-0,41;0,00
1993-08;0,75;0,00;5,55;0,55;0,00;0,00;-5,85;0,00;-10,95;0,00;0,00;0,65;0,00;0,00;0,00;7,45;0,00;0,00;3,85;0,00;0,00;0,00;0,00;0,00;0,00;-5,65;0,25;0,00;3,75;0,00;-0,35;0,00
1993-09;0,59;0,00;6,09;0,79;0,00;0,00;-5,51;0,00;-11,41;0,00;0,00;1,09;0,00;0,00;0,00;7,29;0,00;0,00;3,49;0,00;0,00;0,00;0,00;0,00;0,00;-6,71;0,49;0,00;3,89;0,00;-0,11;0,00
1993-10;0,69;0,00;5,89;1,19;0,00;0,00;-5,01;0,00;-11,61;0,00;0,00;-0,41;0,00;0,00;0,00;7,29;0,00;0,00;3,49;0,00;0,00;0,00;0,00;0,00;0,00;-6,71;0,49;0,00;4,49;0,00;0,19;0,00
1993-11;0,58;0,00;6,18;1,28;0,00;0,00;-5,03;0,00;-11,93;0,00;0,00;-0,52;0,00;0,00;0,00;6,98;0,00;0,00;3,38;0,00;0,00;0,00;0,00;0,00;0,00;-6,43;0,38;0,00;4,98;0,00;0,18;0,00
1993-12;0,54;0,00;5,84;1,54;0,00;0,00;-5,16;0,00;-11,96;0,00;0,00;-0,36;0,00;0,00;0,00;6,94;0,00;0,00;3,74;0,00;0,00;0,00;0,00;0,00;0,00;-6,96;0,64;0,00;4,94;0,00;0,24;0,00
1994-01;0,39;0,00;5,79;0,99;0,00;0,00;-5,31;0,00;-12,41;0,00;0,00;-0,01;0,00;0,00;0,00;6,69;0,00;0,00;2,99;4,89;0,00;0,00;0,00;0,00;0,00;-8,61;-0,41;0,00;4,69;0,00;0,29;0,00
1994-02;0,34;0,00;5,74;1,14;0,00;0,00;-5,26;0,00;-12,56;0,00;0,00;-0,76;0,00;0,00;0,00;6,44;0,00;0,00;2,64;4,84;0,00;0,00;0,00;0,00;0,00;-6,86;-0,16;0,00;4,24;0,00;0,24;0,00
1994-03;0,38;0,00;5,88;1,38;0,00;0,00;-5,12;0,00;-12,52;0,00;0,00;-1,02;0,00;0,00;0,00;6,48;0,00;0,00;2,58;5,28;0,00;0,00;0,00;0,00;0,00;-8,32;0,38;0,00;4,28;0,00;0,38;0,00
1994-04;0,34;0,00;5,54;1,64;0,00;0,00;-4,96;0,00;-12,56;0,00;0,00;-1,16;0,00;0,00;0,00;6,44;0,00;0,00;2,74;5,44;0,00;0,00;0,00;0,00;0,00;-8,66;0,64;0,00;4,14;0,00;0,44;0,00
1994-05;0,32;0,00;5,82;2,12;0,00;0,00;-4,78;0,00;-12,38;0,00;0,00;-0,68;0,00;0,00;0,00;6,52;0,00;0,00;2,72;5,52;0,00;0,00;0,00;0,00;0,00;-10,18;0,82;0,00;3,92;0,00;0,32;0,00
1994-06;0,12;0,00;5,12;2,22;0,00;0,00;-4,98;0,00;-12,68;0,00;0,00;-1,18;0,00;0,00;0,00;6,42;0,00;0,00;2,32;5,72;0,00;0,00;0,00;0,00;0,00;-6,68;-0,18;0,00;3,92;0,00;-0,08;0,00
1994-07;-0,28;0,00;5,02;2,02;0,00;0,00;-5,18;0,00;-12,38;0,00;0,00;-1,68;0,00;0,00;0,00;6,42;0,00;0,00;2,82;5,82;0,00;0,00;0,00;0,00;0,00;-6,08;-0,08;0,00;3,82;0,00;-0,28;0,00
1994-08;-0,98;0,00;4,72;1,72;0,00;0,00;-5,08;0,00;-12,38;0,00;0,00;-0,68;0,00;0,00;0,00;6,42;0,00;0,00;2,42;5,62;0,00;0,00;0,00;0,00;0,00;-5,38;-0,18;0,00;3,92;0,00;-0,18;0,00
1994-09;-0,96;0,00;4,64;2,04;0,00;0,00;-4,76;0,00;-12,56;0,00;0,00;-0,16;0,00;0,00;0,00;6,24;0,00;0,00;1,94;5,64;0,00;0,00;0,00;0,00;0,00;-6,46;0,34;0,00;3,94;0,00;0,14;0,00
1994-10;-0,84;0,00;4,86;2,26;0,00;0,00;-4,24;0,00;-12,54;0,00;0,00;-1,94;0,00;0,00;0,00;6,16;0,00;0,00;1,76;5,36;0,00;0,00;0,00;0,00;0,00;-5,94;0,46;0,00;4,26;0,00;0,36;0,00
1994-11;-0,71;0,00;5,09;2,29;0,00;0,00;-4,01;0,00;-12,71;0,00;0,00;-2,01;0,00;0,00;0,00;6,09;0,00;0,00;1,49;4,89;0,00;0,00;0,00;0,00;0,00;-5,81;0,29;0,00;4,49;0,00;0,59;0,00
1994-12;-0,62;0,00;4,78;2,28;0,00;0,00;-3,92;0,00;-12,42;0,00;0,00;-2,02;0,00;0,00;0,00;6,08;0,00;0,00;1,78;4,58;0,00;0,00;0,00;0,00;0,00;-5,52;0,28;0,00;3,98;0,00;0,68;0,00
1995-01;-0,25;0,00;5,25;1,95;0,00;0,00;-3,55;0,00;-11,95;0,00;0,00;-1,35;0,00;0,00;0,00;6,45;0,00;0,00;1,15;4,75;0,00;0,00;0,00;0,00;0,00;-7,35;-0,05;0,00;4,15;0,00;0,85;0,00
1995-02;-0,20;0,00;5,20;2,10;0,00;0,00;-3,40;0,00;-12,00;0,00;0,00;-2,30;0,00;0,00;0,00;6,40;0,00;0,00;0,70;4,60;0,00;0,00;0,00;0,00;0,00;-6,00;0,40;0,00;3,80;0,00;0,70;0,00
1995-03;-0,16;0,00;5,04;2,14;0,00;0,00;-3,16;0,00;-11,86;0,00;0,00;-2,56;0,00;0,00;0,00;6,34;0,00;0,00;0,44;4,54;0,00;0,00;0,00;0,00;0,00;-5,66;0,44;0,00;3,84;0,00;0,64;0,00
1995-04;-0,15;0,00;5,15;2,25;0,00;0,00;-3,15;0,00;-11,55;0,00;0,00;-2,45;0,00;0,00;0,00;6,35;0,00;0,00;0,65;4,85;0,00;0,00;0,00;0,00;0,00;-6,95;0,45;0,00;3,85;0,00;0,75;0,00
1995-05;-0,14;0,00;5,16;2,46;0,00;0,00;-3,14;0,00;-11,54;0,00;0,00;-1,94;0,00;0,00;0,00;6,26;0,00;0,00;0,56;5,36;0,00;0,00;0,00;0,00;0,00;-8,14;0,86;0,00;3,66;0,00;0,56;0,00
1995-06;-0,13;0,00;4,67;2,57;0,00;0,00;-3,23;0,00;-11,63;0,00;0,00;-2,33;0,00;0,00;0,00;6,27;0,00;0,00;0,37;5,37;0,00;0,00;0,00;0,00;0,00;-5,93;-0,13;0,00;3,87;0,00;0,27;0,00
1995-07;-0,60;0,00;4,70;2,40;0,00;0,00;-3,30;0,00;-11,50;0,00;0,00;-2,90;0,00;0,00;0,00;6,30;0,00;0,00;1,10;5,30;0,00;0,00;0,00;0,00;0,00;-5,90;0,30;0,00;3,90;0,00;0,20;0,00
1995-08;-1,12;0,00;4,78;2,08;0,00;0,00;-3,42;0,00;-11,52;0,00;0,00;-1,82;0,00;0,00;0,00;6,28;0,00;0,00;0,98;4,98;0,00;0,00;0,00;0,00;0,00;-5,82;0,28;0,00;4,08;0,00;0,18;0,00
1995-09;-1,35;0,00;5,05;2,45;0,00;0,00;-3,25;0,00;-11,85;0,00;0,00;-1,15;0,00;0,00;0,00;6,15;0,00;0,00;0,45;4,65;0,00;0,00;0,00;0,00;0,00;-5,95;0,15;0,00;4,25;0,00;0,35;0,00
1995-10;-1,17;0,00;5,03;2,63;0,00;0,00;-3,07;0,00;-11,67;0,00;0,00;-2,47;0,00;0,00;0,00;5,93;0,00;0,00;0,43;4,73;0,00;0,00;0,00;0,00;0,00;-5,87;0,33;0,00;4,63;0,00;0,53;0,00
1995-11;-1,15;0,00;5,25;2,55;0,00;0,00;-3,05;0,00;-11,85;0,00;0,00;-2,25;0,00;0,00;0,00;5,75;0,00;0,00;0,45;4,55;0,00;0,00;0,00;0,00;0,00;-6,25;0,15;0,00;5,05;0,00;0,85;0,00
1995-12;-1,02;0,00;5,28;2,48;0,00;0,00;-3,12;0,00;-11,42;0,00;0,00;-2,02;0,00;0,00;0,00;5,78;0,00;0,00;1,08;4,08;0,00;0,00;0,00;0,00;0,00;-6,32;-0,12;0,00;4,38;0,00;0,88;0,00
1996-01;-0,73;0,00;5,27;1,97;0,00;0,00;-2,93;0,00;-11,33;0,00;0,00;-1,33;0,00;0,00;0,00;6,07;-2,03;0,00;0,67;3,67;0,00;0,00;0,00;1,87;0,00;-7,03;0,07;0,00;4,67;0,00;1,17;0,00
1996-02;-0,59;0,00;5,71;2,11;0,00;0,00;-2,89;0,00;-11,39;0,00;0,00;-2,19;0,00;0,00;0,00;6,01;-1,89;0,00;0,61;3,31;0,00;0,00;0,00;2,01;0,00;-5,69;-0,29;0,00;4,01;0,00;1,21;0,00
1996-03;-0,51;0,00;5,59;1,99;0,00;0,00;-2,81;0,00;-11,51;0,00;0,00;-2,61;0,00;0,00;0,00;5,89;-1,61;0,00;0,59;3,09;0,00;0,00;0,00;2,09;0,00;-5,31;-0,01;0,00;4,09;0,00;1,09;0,00
1996-04;-0,53;0,00;5,07;2,07;0,00;0,00;-2,83;0,00;-11,23;0,00;0,00;-2,73;0,00;0,00;0,00;5,87;-1,23;0,00;0,97;3,77;0,00;0,00;0,00;2,07;0,00;-5,73;-0,53;0,00;3,87;0,00;1,07;0,00
1996-05;-0,35;0,00;5,15;2,55;0,00;0,00;-2,85;0,00;-11,05;0,00;0,00;-2,25;0,00;0,00;0,00;5,95;-1,05;0,00;1,05;4,75;0,00;0,00;0,00;1,95;0,00;-8,05;-0,35;0,00;3,75;0,00;0,85;0,00
1996-06;-0,30;0,00;4,90;2,70;0,00;0,00;-3,00;0,00;-11,10;0,00;0,00;-2,70;0,00;0,00;0,00;5,90;-1,10;0,00;0,90;4,80;0,00;0,00;0,00;2,00;0,00;-6,40;-1,10;0,00;3,90;0,00;0,60;0,00
1996-07;-0,73;0,00;4,67;2,17;0,00;0,00;-3,33;0,00;-11,03;0,00;0,00;-3,23;0,00;0,00;0,00;5,97;-1,33;0,00;1,57;4,67;0,00;0,00;0,00;2,07;0,00;-4,43;-1,03;0,00;3,57;0,00;0,47;0,00
1996-08;-1,18;0,00;4,52;2,12;0,00;0,00;-3,28;0,00;-10,78;0,00;0,00;-1,98;0,00;0,00;0,00;6,02;-1,18;0,00;1,62;4,42;0,00;0,00;0,00;2,02;0,00;-5,38;-1,28;0,00;3,82;0,00;0,52;0,00
1996-09;-1,28;0,00;4,52;2,72;0,00;0,00;-3,18;0,00;-11,18;0,00;0,00;-1,38;0,00;0,00;0,00;5,82;-0,98;0,00;1,22;4,02;0,00;0,00;0,00;1,82;0,00;-5,68;-1,08;0,00;4,02;0,00;0,62;0,00
1996-10;-1,17;0,00;4,63;2,83;0,00;0,00;-2,77;0,00;-11,17;0,00;0,00;-2,97;0,00;0,00;0,00;5,63;-0,47;0,00;1,13;4,13;0,00;0,00;0,00;1,63;0,00;-5,37;-0,97;0,00;4,23;0,00;0,73;0,00
1996-11;-1,01;0,00;4,39;2,99;0,00;0,00;-2,51;0,00;-11,11;0,00;0,00;-2,81;0,00;0,00;0,00;5,49;-0,31;0,00;1,09;4,09;0,00;0,00;0,00;1,49;0,00;-5,71;-1,21;0,00;4,29;0,00;0,89;0,00
1996-12;-0,97;0,00;4,03;2,93;0,00;0,00;-2,47;0,00;-10,67;0,00;0,00;-2,67;0,00;0,00;0,00;5,43;-0,67;0,00;1,63;3,63;0,00;0,00;0,00;1,43;0,00;-4,87;-1,77;0,00;3,93;0,00;1,03;0,00
1997-01;-0,52;0,00;4,28;2,38;0,00;0,00;-2,22;0,00;-10,52;0,00;0,00;-2,02;0,00;0,00;0,00;5,78;-0,92;0,00;1,28;3,18;-3,52;0,00;2,68;1,78;0,00;-5,52;-1,72;0,00;4,08;0,00;1,48;0,00
1997-02;-0,49;0,00;4,41;2,81;0,00;0,00;-1,99;0,00;-10,49;0,00;0,00;-2,99;0,00;0,00;0,00;5,81;-1,19;0,00;1,21;2,91;-3,39;0,00;2,51;1,81;0,00;-4,69;-2,19;0,00;4,51;0,00;1,51;0,00
1997-03;-0,41;0,00;4,39;2,89;0,00;0,00;-1,91;0,00;-10,31;0,00;0,00;-3,41;0,00;0,00;0,00;5,89;-1,11;0,00;1,19;2,79;-3,31;0,00;2,29;1,79;0,00;-5,01;-1,91;0,00;4,59;0,00;1,59;0,00
1997-04;-0,39;0,00;4,01;3,01;0,00;0,00;-1,89;0,00;-10,29;0,00;0,00;-3,49;0,00;0,00;0,00;5,91;-0,79;0,00;1,51;3,31;-2,99;0,00;2,41;1,71;0,00;-5,89;-1,99;0,00;4,41;0,00;1,51;0,00
1997-05;-0,49;0,00;3,91;3,21;0,00;0,00;-1,79;0,00;-10,19;0,00;0,00;-2,99;0,00;0,00;0,00;5,71;-0,59;0,00;1,51;4,21;-2,79;0,00;2,61;1,51;0,00;-7,19;-1,79;0,00;3,91;0,00;1,31;0,00
1997-06;-0,53;0,00;3,47;3,37;0,00;0,00;-1,83;0,00;-10,23;0,00;0,00;-3,23;0,00;0,00;0,00;5,77;-0,63;0,00;1,57;4,37;-2,63;0,00;2,17;1,47;0,00;-5,23;-2,63;0,00;3,77;0,00;0,97;0,00
1997-07;-1,09;0,00;3,11;2,81;0,00;0,00;-1,99;0,00;-10,09;0,00;0,00;-3,59;0,00;0,00;0,00;5,61;-1,09;0,00;2,11;4,11;-2,69;0,00;1,91;1,21;0,00;-2,79;-2,19;0,00;3,71;0,00;0,91;0,00
1997-08;-1,75;0,00;2,95;2,55;0,00;0,00;-1,95;0,00;-10,05;0,00;0,00;-2,45;0,00;0,00;0,00;5,45;-1,15;0,00;2,05;3,65;-2,45;0,00;1,95;1,05;0,00;-3,15;-1,75;0,00;4,05;0,00;1,05;0,00
1997-09;-1,94;0,00;2,86;3,06;0,00;0,00;-1,74;0,00;-10,34;0,00;0,00;-1,94;0,00;0,00;0,00;5,16;-1,04;0,00;1,76;3,26;-2,34;0,00;1,86;0,86;0,00;-3,54;-1,44;0,00;4,16;0,00;1,26;0,00
1997-10;-1,75;0,00;2,75;3,05;0,00;0,00;-1,25;0,00;-10,25;0,00;0,00;-3,65;0,00;0,00;0,00;4,95;-0,55;0,00;1,75;3,35;-2,05;0,00;1,55;0,75;0,00;-3,45;-1,25;0,00;4,55;0,00;1,45;0,00
1997-11;-1,61;0,00;2,49;3,09;0,00;0,00;-1,01;0,00;-10,21;0,00;0,00;-3,51;0,00;0,00;0,00;4,79;-0,61;0,00;1,79;3,29;-2,01;0,00;1,29;0,59;0,00;-3,61;-1,01;0,00;4,69;0,00;1,59;0,00
1997-12;-1,58;0,00;2,12;2,92;0,00;0,00;-0,88;0,00;-9,68;0,00;0,00;-3,28;0,00;0,00;0,00;4,82;-0,88;0,00;2,32;2,82;-2,18;0,00;0,92;0,52;0,00;-3,58;-0,78;0,00;4,62;0,00;1,72;0,00
1998-01;-0,76;0,00;2,84;2,84;0,00;0,00;0,14;0,00;-8,66;0,00;0,00;-1,86;0,00;0,00;-6,76;5,64;-0,76;0,00;2,74;2,94;-1,56;0,00;1,94;1,34;-4,06;-3,36;-0,66;0,00;5,44;0,00;2,54;0,00
1998-02;-0,68;0,00;2,92;3,32;0,00;0,00;0,32;0,00;-8,48;0,00;0,00;-2,88;0,00;0,00;-7,38;5,62;-1,08;0,00;2,62;2,52;-1,88;1,72;2,02;1,22;-4,18;-3,08;-0,48;0,00;5,42;0,00;2,42;0,00
1998-03;-0,69;0,00;2,51;3,41;0,00;0,00;0,51;0,00;-8,40;0,00;0,00;-3,20;0,00;0,00;-7,30;5,71;-1,10;0,00;2,71;2,41;-1,90;2,01;2,21;1,11;-4,10;-3,80;0,21;0,00;5,31;0,00;2,41;0,00
1998-04;-0,43;0,00;2,97;3,77;0,00;0,00;0,97;-2,13;-7,93;0,00;0,00;-3,13;0,00;-5,93;-6,23;5,97;-0,33;0,00;3,37;3,37;-1,53;2,57;2,67;1,37;-3,53;-3,83;-0,13;0,00;5,37;0,00;2,77;0,00
1998-05;-0,44;0,00;2,86;3,86;0,00;0,00;0,96;-2,34;-7,84;0,00;0,00;-2,74;0,00;-6,04;-5,14;5,86;-0,24;0,00;3,36;4,46;-1,34;2,86;2,66;1,26;-3,44;-6,04;-0,04;0,00;5,06;0,00;2,46;0,00
1998-06;-0,55;0,00;2,15;3,95;0,00;0,00;0,75;-2,05;-8,05;0,00;0,00;-3,25;0,00;-5,95;-3,85;5,85;-0,35;0,00;3,15;4,45;-1,45;2,55;2,35;1,15;-4,15;-3,65;0,05;0,00;4,85;0,00;2,15;0,00
1998-07;-0,93;0,00;1,57;3,47;0,00;0,00;0,67;-2,13;-7,83;0,00;0,00;-3,63;0,00;-5,53;-2,73;5,77;-0,53;0,00;3,67;4,37;-1,53;2,47;2,17;1,07;-4,93;-1,83;-0,33;0,00;4,77;0,00;1,87;0,00
1998-08;-1,60;0,00;1,50;3,10;0,00;0,00;0,60;-2,80;-7,90;0,00;0,00;-2,50;0,00;-5,30;-2,30;5,80;-0,50;0,00;3,60;4,10;-1,60;2,40;2,20;1,00;-4,80;-2,00;0,00;0,00;5,10;0,00;1,90;0,00
1998-09;-1,81;0,00;1,19;3,59;0,00;0,00;0,79;-2,61;-8,11;0,00;0,00;-1,91;0,00;-5,21;-2,71;5,59;-0,31;0,00;3,29;3,69;-1,81;2,29;2,09;0,79;-4,71;-2,11;0,79;0,00;5,39;0,00;1,89;0,00
1998-10;-1,48;0,00;0,72;3,72;0,00;0,00;1,22;-2,48;-7,98;0,00;0,00;-3,48;0,00;-5,18;-3,88;5,42;0,22;0,00;3,32;3,92;-1,88;2,42;1,92;0,72;-4,18;-1,88;1,02;0,00;5,62;0,00;2,12;0,00
1998-11;-1,00;0,00;1,00;3,80;0,00;0,00;1,60;-3,50;-7,70;0,00;0,00;-3,20;0,00;-5,20;-4,80;5,60;0,60;0,00;3,50;4,10;-2,10;2,20;1,70;0,70;-4,30;-1,90;0,90;0,00;5,70;0,00;2,40;0,00
1998-12;-0,84;0,00;1,06;3,66;0,00;0,00;1,76;-3,34;-7,14;0,00;0,00;-2,94;0,00;-5,44;-5,44;5,76;0,76;0,00;3,96;3,86;-2,54;2,36;1,66;0,76;-5,24;-1,94;1,16;0,00;5,76;0,00;2,26;0,00
1999-01;-0,32;0,00;0,38;2,88;0,00;0,00;2,18;-3,32;-6,42;0,00;0,00;-2,02;0,00;-5,62;-5,82;6,08;1,28;0,00;3,88;3,68;-3,12;2,68;1,68;1,08;-6,32;-2,42;0,88;0,00;5,98;0,00;2,68;0,00
1999-02;-0,21;0,00;0,39;3,39;0,00;0,00;2,49;-3,51;-5,81;0,00;0,00;-2,81;0,00;-5,71;-6,01;6,09;1,19;0,00;3,99;3,49;-3,91;2,69;1,79;1,29;-6,81;-2,01;1,39;0,00;5,99;0,00;2,69;0,00
1999-03;-0,16;0,00;0,24;3,44;0,00;0,00;2,54;-3,06;-5,46;0,00;0,00;-2,96;0,00;-5,66;-5,96;6,24;1,24;0,00;3,94;3,34;-4,46;2,74;1,74;1,44;-7,26;-2,16;1,64;0,00;5,84;0,00;2,74;0,00
1999-04;-0,21;0,00;0,09;3,49;0,00;0,00;2,19;-3,41;-5,11;0,00;0,00;-2,91;0,00;-5,51;-5,11;6,19;1,39;0,00;4,19;3,89;-4,61;2,59;1,89;1,09;-7,21;-2,91;1,49;0,00;5,79;0,00;2,69;0,00
1999-05;-0,07;0,00;-0,17;3,63;0,00;0,00;2,13;-3,47;-4,87;0,00;0,00;-2,47;0,00;-5,37;-4,77;6,13;1,53;0,00;4,13;4,83;-4,67;2,63;1,83;1,13;-7,37;-4,87;2,03;0,00;5,43;0,00;2,63;0,00
1999-06;0,15;0,00;0,05;3,65;0,00;0,00;1,95;-3,15;-4,95;0,00;0,00;-2,85;0,00;-5,35;-4,85;6,05;1,65;0,00;3,95;4,85;-4,75;2,65;1,45;1,05;-8,35;-2,05;1,45;0,00;5,15;0,00;2,25;0,00
1999-07;-0,12;0,00;-0,42;3,38;0,00;0,00;2,18;-3,02;-4,82;0,00;0,00;-3,22;0,00;-5,22;-5,72;6,08;1,68;0,00;4,48;4,98;-4,92;2,78;1,38;0,88;-8,82;-0,32;1,48;0,00;5,08;0,00;2,18;0,00
1999-08;-0,13;0,00;-0,73;2,87;0,00;0,00;2,57;-3,53;-4,83;0,00;0,00;-1,93;0,00;-5,23;-6,33;6,17;1,77;0,00;4,57;4,87;-5,13;2,87;1,27;1,07;-8,73;-0,63;1,57;0,00;5,27;0,00;2,27;0,00
1999-09;0,24;0,00;-0,76;3,24;0,00;0,00;2,94;-3,26;-4,96;0,00;0,00;-1,26;0,00;-5,46;-6,86;5,94;1,74;0,00;4,34;4,54;-5,46;2,74;1,34;0,94;-8,46;-0,76;1,84;0,00;5,04;0,00;2,44;0,00
1999-10;0,44;0,00;-0,56;3,24;0,00;0,00;3,14;-3,26;-4,86;0,00;0,00;-2,36;0,00;-5,66;-7,26;6,04;1,94;0,00;4,34;4,74;-5,56;3,04;0,94;0,84;-8,26;-1,06;2,44;0,00;5,14;0,00;2,64;0,00
1999-11;0,70;0,00;-0,40;3,40;0,00;0,00;3,30;-4,50;-4,80;0,00;0,00;-1,90;0,00;-5,90;-7,60;6,00;2,10;0,00;4,50;4,70;-5,80;3,00;1,00;1,00;-8,80;-0,90;2,40;0,00;5,50;0,00;2,90;0,00
1999-12;0,87;0,00;-0,53;3,37;0,00;0,00;3,37;-4,33;-4,33;0,00;0,00;-1,73;0,00;-6,13;-7,43;6,07;2,07;0,00;4,87;4,27;-6,33;2,87;0,87;1,27;-9,53;-0,53;2,57;0,00;5,37;0,00;2,97;0,00
2000-01;1,58;-5,52;-0,52;3,48;0,00;0,00;4,18;-3,02;-4,02;0,00;-6,02;-1,12;4,08;-5,92;-6,82;6,48;2,28;1,98;4,98;4,08;-6,82;3,28;1,18;1,88;-9,92;-1,52;2,58;0,00;5,68;0,00;3,48;0,00
2000-02;2,28;-5,92;-0,12;4,58;0,00;-6,62;4,68;-3,02;-3,32;0,00;-5,72;-1,62;4,18;-5,62;-6,22;6,88;2,38;2,28;5,28;4,08;-7,22;3,78;1,58;2,38;-9,82;-1,82;2,98;0,00;5,98;0,00;3,78;0,00
2000-03;2,54;-6,66;-0,06;4,84;0,00;-5,76;4,64;-2,56;-3,06;0,00;-6,06;-1,86;3,94;-5,56;-6,36;6,94;2,24;2,24;5,14;4,04;-7,66;4,04;1,64;2,34;-10,06;-1,86;3,24;0,00;6,04;0,00;3,74;0,00
2000-04;2,41;-7,19;0,11;4,81;0,00;-5,99;4,21;-2,19;-2,89;0,00;-6,39;-1,59;3,91;-5,39;-6,59;6,81;2,31;2,31;5,21;4,91;-7,69;3,91;1,71;2,11;-9,89;-1,89;3,21;0,00;5,91;0,00;3,71;0,00
2000-05;2,48;-7,42;0,08;4,68;0,00;-4,52;4,18;-2,42;-2,82;0,00;-6,52;-1,12;3,98;-5,32;-7,02;6,68;2,38;2,48;5,08;5,68;-7,42;3,88;1,58;1,88;-10,12;-3,02;3,38;0,00;5,68;0,00;3,58;0,00
2000-06;2,45;-7,45;0,45;4,65;0,00;-4,45;3,95;-2,05;-2,85;0,00;-6,45;-1,45;3,85;-5,25;-7,45;6,65;2,55;2,55;5,05;5,75;-7,15;3,85;1,35;1,95;-10,85;-1,55;2,95;0,00;5,55;0,00;3,45;0,00
2000-07;1,92;-7,58;0,02;4,62;0,00;-4,68;4,12;-1,78;-2,88;0,00;-6,68;-1,78;3,72;-5,08;-8,28;6,72;2,72;2,32;5,42;5,62;-6,88;3,72;1,32;1,92;-11,28;0,92;3,12;0,00;5,32;0,00;3,32;0,00
2000-08;1,47;-7,93;0,07;4,47;0,00;-5,43;4,37;-2,33;-2,83;0,00;-6,83;-0,73;3,97;-5,03;-8,53;6,67;2,77;2,07;5,47;5,37;-6,63;3,47;1,37;2,27;-9,73;0,47;3,07;0,00;5,37;0,00;3,27;0,00
2000-09;1,56;-8,14;0,36;4,56;0,00;-5,64;4,76;-2,14;-3,04;0,00;-7,24;-0,14;4,36;-5,24;-8,34;6,46;2,86;1,96;5,16;4,96;-6,64;3,26;1,26;2,36;-9,34;-0,44;3,66;0,00;5,46;0,00;3,26;0,00
2000-10;1,63;-8,47;0,33;4,73;0,00;-5,77;4,93;-1,47;-3,07;0,00;-7,37;-1,17;4,63;-5,47;-7,97;6,53;2,93;1,93;5,13;5,03;-6,77;3,33;0,93;2,23;-9,17;-0,27;3,73;0,00;5,63;0,00;3,33;0,00
2000-11;1,94;-8,76;0,34;4,84;0,00;-6,16;5,14;-2,46;-2,86;0,00;-7,46;-0,66;4,04;-5,56;-8,06;6,64;3,14;1,94;5,34;5,24;-7,16;3,64;0,94;2,34;-9,56;0,04;3,64;0,00;5,84;0,00;3,74;0,00
2000-12;2,20;-9,20;0,60;4,80;0,00;-5,90;5,00;-2,40;-2,40;0,00;-7,40;-0,40;4,10;-5,70;-8,70;6,70;3,20;1,80;5,70;5,00;-7,90;3,60;1,00;2,40;-10,20;0,50;4,20;0,00;5,60;0,00;3,90;0,00
2001-01;2,90;-9,60;0,60;4,50;0,00;-5,40;5,30;-1,80;-1,80;0,00;-7,70;0,20;4,60;-5,50;-9,50;7,00;3,30;2,00;5,80;5,00;-8,60;3,90;1,10;2,70;-11,00;-0,70;2,80;0,00;5,80;0,00;4,20;0,00
2001-02;3,16;-10,24;0,66;4,66;0,00;-4,84;5,26;-2,14;-1,74;0,00;-7,54;-0,54;5,06;-5,44;-9,84;7,16;3,16;1,76;5,86;4,76;-9,14;3,76;1,36;2,86;-10,84;-0,54;3,16;0,00;5,86;0,00;4,26;0,00
2001-03;3,04;-10,76;1,04;4,64;0,00;-4,76;5,24;-1,76;-1,66;0,00;-7,56;-0,66;5,34;-5,16;-9,76;7,24;3,04;1,64;5,84;4,54;-9,56;3,64;1,44;2,94;-10,76;-0,46;3,04;0,00;5,94;0,00;4,34;0,00
2001-04;2,66;-11,34;0,76;4,76;0,00;-4,64;4,96;-1,54;-1,44;0,00;-7,74;-0,44;5,26;-4,64;-8,74;7,16;3,06;1,46;5,86;4,66;-9,74;3,56;1,86;3,06;-10,74;-1,34;3,16;0,00;5,86;0,00;4,36;0,00
2001-05;2,48;-11,32;0,88;4,68;0,00;-4,32;4,78;-1,72;-1,62;0,00;-7,42;-0,02;4,98;-4,32;-7,92;7,08;3,18;1,48;5,78;5,28;-9,62;3,58;1,88;3,08;-10,52;-2,52;2,78;0,00;5,38;0,00;4,08;0,00
2001-06;2,63;-10,87;0,83;4,43;0,00;-3,57;4,33;-1,37;-1,57;0,00;-7,07;-0,37;4,13;-4,17;-7,47;6,93;3,13;1,53;5,63;5,23;-9,57;3,53;1,83;3,13;-10,97;-0,67;1,83;0,00;5,03;0,00;3,63;0,00
2001-07;2,34;-10,66;0,54;4,14;0,00;-4,56;3,94;-1,36;-1,66;0,00;-6,46;-0,86;4,24;-4,06;-7,26;6,84;3,14;1,14;5,84;5,14;-9,46;3,34;1,74;2,94;-11,06;0,94;3,04;0,00;4,84;0,00;3,24;0,00
2001-08;2,16;-10,54;0,06;3,66;0,00;-3,94;3,96;-1,84;-1,84;0,00;-6,44;0,06;4,76;-4,04;-7,34;6,86;3,16;0,66;5,76;4,96;-9,34;3,26;1,66;2,86;-10,74;0,76;3,16;0,00;5,06;0,00;3,26;0,00
2001-09;1,81;-10,49;0,41;3,81;0,00;-4,49;4,31;-1,49;-1,79;0,00;-6,59;0,61;5,21;-4,09;-7,69;6,81;3,31;0,71;5,61;4,61;-9,29;3,11;1,61;2,51;-10,29;-0,09;3,21;0,00;5,11;0,00;3,41;0,00
2001-10;1,27;-10,83;1,17;4,07;0,00;-3,23;4,67;-1,63;-1,73;0,00;-7,13;-0,33;5,47;-5,03;-8,53;6,77;3,57;0,87;5,67;4,87;-9,23;3,27;1,27;2,17;-9,93;0,47;3,17;0,00;5,27;0,00;3,67;0,00
2001-11;1,44;-11,26;1,04;4,34;0,00;-3,36;4,74;-2,56;-1,76;0,00;-6,86;0,14;5,04;-4,56;-9,16;6,84;3,74;0,84;5,84;4,94;-9,56;3,44;1,14;1,94;-9,96;0,14;3,64;0,00;5,74;0,00;3,94;0,00
2001-12;1,41;-11,29;0,91;4,41;0,00;-2,99;4,81;-2,49;-1,69;0,00;-7,09;0,51;5,31;-4,29;-9,39;6,91;3,71;0,91;6,01;4,61;-10,19;3,51;0,81;1,91;-10,29;0,91;3,51;0,00;5,61;0,00;4,01;0,00
2002-01;1,68;-11,42;1,68;4,28;0,00;-2,52;4,88;-2,02;-2,02;0,00;-7,22;1,08;5,58;-3,62;-8,82;6,88;3,58;1,28;5,88;4,18;-10,82;3,48;0,18;2,08;-10,62;-0,62;3,08;0,00;5,68;0,00;4,28;0,00
2002-02;1,89;-10,81;1,49;4,69;0,00;-2,61;4,79;-2,41;-2,51;0,00;-7,21;0,39;5,79;-3,71;-7,91;6,99;3,29;1,29;5,69;3,79;-11,11;3,49;0,09;2,39;-10,41;-0,11;3,19;0,00;5,39;0,00;4,19;0,00
2002-03;1,83;-10,07;1,53;4,73;0,00;-1,87;4,53;-2,07;-2,37;0,00;-7,37;0,13;5,93;-4,47;-6,97;6,93;3,03;1,53;5,43;3,63;-11,37;3,33;-0,17;2,53;-10,27;-0,37;2,93;0,00;5,43;0,00;4,03;0,00
2002-04;1,73;-9,87;2,03;4,53;0,00;-1,07;4,13;-1,27;-2,47;0,00;-7,07;-0,17;5,63;-5,47;-5,37;6,53;3,03;1,43;5,33;4,13;-11,57;3,03;0,13;2,63;-10,07;-1,57;2,73;0,00;5,13;0,00;3,83;0,00
2002-05;1,75;-9,45;1,55;4,45;0,00;-1,35;3,95;-1,45;-2,45;0,00;-6,65;0,15;5,55;-5,45;-4,15;6,35;3,15;1,65;5,15;4,95;-11,05;2,75;0,35;2,65;-10,15;-3,25;2,55;0,00;4,85;0,00;3,65;0,00
2002-06;1,69;-9,11;1,39;4,19;0,00;-2,11;3,59;-1,11;-2,61;0,00;-6,51;-0,11;4,89;-4,61;-3,51;6,19;3,09;1,99;4,89;4,99;-11,41;2,39;0,19;2,79;-10,41;-0,51;1,69;0,00;4,79;0,00;3,29;0,00
2002-07;0,90;-9,20;1,40;3,80;0,00;-2,50;3,70;-1,20;-2,90;0,00;-6,30;-0,50;4,70;-3,00;-3,40;6,00;3,00;2,00;5,00;4,80;-11,60;2,10;0,20;2,50;-10,50;0,60;2,70;0,00;4,70;0,00;3,00;0,00
2002-08;0,81;-9,29;0,91;3,41;0,00;-2,19;3,71;-1,69;-3,09;0,00;-6,19;0,41;4,91;-2,29;-3,49;5,91;3,01;2,01;4,91;4,41;-11,49;1,91;0,31;2,41;-10,09;0,31;2,91;0,00;4,71;0,00;2,91;0,00
2002-09;0,60;-9,30;1,20;3,50;0,00;-2,80;3,90;-1,40;-3,20;0,00;-6,20;1,00;5,10;-2,40;-3,60;5,70;3,00;1,90;4,60;4,10;-11,50;1,50;0,70;2,30;-9,70;0,30;2,70;0,00;4,80;0,00;3,10;0,00
2002-10;0,60;-9,20;1,70;3,90;0,00;-4,10;3,80;-0,90;-3,00;0,00;-6,10;0,10;5,30;-3,10;-4,00;5,60;3,20;1,70;4,60;4,40;-11,10;1,20;0,70;2,20;-9,30;0,10;3,20;0,00;5,00;0,00;3,40;0,00
2002-11;0,58;-8,52;1,18;4,18;0,00;-3,72;3,68;-1,82;-2,92;0,00;-5,92;0,38;4,78;-3,42;-4,42;5,58;3,28;1,58;4,58;4,58;-11,12;1,08;1,18;2,18;-9,42;0,48;2,98;0,00;5,28;0,00;3,68;0,00
2002-12;0,53;-7,57;1,33;4,23;0,00;-4,27;3,53;-1,77;-2,87;0,00;-5,87;0,33;4,73;-3,47;-4,77;5,53;3,23;2,23;4,83;4,33;-11,37;1,03;1,23;2,13;-9,87;0,63;2,83;0,00;5,13;0,00;3,93;0,00
2003-01;0,59;-7,81;1,49;3,59;0,00;-2,81;3,89;-1,41;-3,11;0,19;-5,91;0,39;4,89;-2,91;-4,71;5,29;2,99;2,29;3,29;3,89;-11,81;1,09;0,89;1,89;-10,11;-0,61;2,09;3,69;4,99;0,00;3,89;0,00
2003-02;0,63;-6,67;1,23;3,53;0,00;-2,37;4,03;-1,87;-3,17;0,13;-5,97;-0,57;4,93;-2,97;-4,77;5,23;2,53;2,33;3,03;3,53;-11,97;0,93;0,53;1,73;-9,87;-0,17;2,53;4,83;4,83;0,00;3,73;0,00
2003-03;0,76;-6,04;1,06;3,36;0,00;-2,24;4,16;-1,44;-3,14;0,16;-5,94;-0,64;4,86;-3,14;-4,84;5,26;2,46;1,96;2,86;3,16;-11,74;0,96;0,46;1,86;-9,54;-1,14;2,06;5,86;4,76;0,00;3,76;0,00
2003-04;0,68;-5,72;1,18;3,28;0,00;-1,82;3,78;-1,02;-2,92;0,08;-5,82;-0,22;4,38;-3,52;-4,82;5,08;2,48;1,18;2,78;3,28;-11,22;0,78;0,88;1,88;-8,92;-1,82;2,08;5,78;4,48;0,00;3,78;0,00
2003-05;0,99;-5,21;0,99;3,19;0,00;-2,71;3,79;-0,91;-2,61;0,29;-5,31;0,49;4,69;-3,51;-4,41;5,09;2,79;0,99;2,89;4,29;-10,71;0,89;0,99;2,09;-8,51;-2,81;1,99;2,29;4,19;0,00;3,89;0,00
2003-06;0,77;-5,03;0,87;2,87;0,00;-2,23;3,17;-0,63;-2,83;0,37;-5,23;0,07;3,97;-3,63;-3,93;4,97;2,77;0,87;2,37;4,17;-10,93;0,77;1,17;2,07;-8,83;-1,23;0,77;5,37;3,87;0,00;3,27;0,00
2003-07;-0,02;-4,72;0,38;2,88;0,00;-2,02;2,88;-0,82;-2,92;0,58;-5,02;-0,32;3,78;-3,72;-3,52;4,68;2,78;-0,02;2,68;4,18;-11,22;0,78;0,98;1,78;-9,02;0,38;2,18;5,68;3,78;0,00;3,08;0,00
2003-08;-0,10;-4,50;0,40;2,70;0,00;-1,40;3,00;-1,20;-3,00;0,40;-4,90;0,40;4,20;-3,60;-3,40;4,70;2,80;0,00;2,50;3,90;-11,20;0,60;0,90;1,70;-9,00;0,60;1,90;4,80;3,80;0,00;3,10;0,00
2003-09;-0,23;-4,33;0,07;2,67;0,00;-0,93;3,37;-1,03;-3,23;-0,03;-5,23;0,77;4,27;-3,33;-3,03;4,17;2,67;0,07;2,07;3,57;-11,13;0,27;0,97;1,57;-8,83;0,17;2,07;5,67;3,87;0,00;3,07;0,00
2003-10;-0,12;-4,32;0,38;2,88;0,00;-1,22;3,78;-1,02;-3,12;-0,62;-5,72;-0,32;4,48;-2,62;-2,92;3,98;2,88;-0,02;2,08;3,68;-10,82;0,18;0,48;1,48;-8,62;-0,02;1,98;5,58;4,18;0,00;3,38;0,00
2003-11;-0,02;-4,42;0,38;3,08;0,00;-0,72;3,98;-1,92;-3,02;-0,82;-5,92;0,08;3,98;-2,32;-3,32;3,88;2,98;0,38;2,08;3,78;-10,92;0,38;0,38;1,78;-9,02;0,18;1,68;5,38;4,38;0,00;3,68;0,00
2003-12;-0,01;-4,41;0,29;3,09;0,00;-1,71;3,99;-1,61;-2,81;-0,81;-5,91;0,69;4,09;-2,51;-3,51;3,99;2,99;1,19;2,49;3,49;-11,31;0,69;0,39;1,79;-10,01;0,39;1,89;4,89;4,39;0,00;3,99;0,00
2004-01;0,20;-4,60;0,40;2,70;0,00;-1,60;4,10;-2,70;-2,50;-0,40;-5,60;0,30;4,70;-2,80;-3,30;4,00;3,10;1,70;2,20;2,50;-11,80;1,40;-0,40;2,10;-10,40;-0,40;1,70;5,80;5,00;0,00;4,50;0,00
2004-02;0,22;-4,48;-0,08;2,92;0,00;-1,28;3,82;-2,08;-2,48;-0,38;-5,78;0,52;4,72;-3,38;-3,38;4,02;2,92;1,82;2,12;2,32;-11,98;1,12;0,82;2,12;-10,68;0,02;1,22;6,22;4,82;0,00;4,32;0,00
2004-03;0,67;-4,03;0,77;3,17;0,00;-0,83;3,87;-2,43;-2,43;-0,13;-5,73;0,07;4,77;-3,53;-3,13;3,97;2,97;1,97;1,87;2,07;-11,73;1,27;0,67;2,27;-10,63;-0,53;1,17;4,57;4,87;0,00;4,27;0,00
2004-04;1,18;-4,02;0,38;3,28;0,00;-0,72;3,78;-1,92;-2,62;-0,12;-5,42;0,48;4,48;-3,52;-2,62;3,68;2,88;1,28;1,68;2,48;-11,12;0,88;0,58;2,38;-10,52;-1,92;1,28;5,18;4,58;0,00;4,18;0,00
2004-05;1,41;-3,49;0,21;3,61;0,00;-1,59;3,91;-1,69;-2,39;0,11;-4,99;0,61;4,61;-3,09;-1,99;3,91;2,81;1,21;1,81;3,31;-10,49;0,71;1,41;2,61;-10,09;-2,99;0,71;1,61;4,21;0,00;4,01;0,00
2004-06;0,89;-3,21;0,49;3,09;0,00;-1,21;3,49;-1,71;-2,61;0,09;-4,91;0,79;3,49;-2,91;-1,91;3,59;2,39;1,09;1,39;2,99;-10,51;0,39;0,69;2,49;-10,01;-0,61;-0,41;5,29;3,79;0,00;3,49;0,00
2004-07;-0,60;-2,90;0,10;2,70;0,00;-1,90;3,40;-2,00;-2,50;0,10;-4,90;1,20;3,30;-2,90;-2,00;3,50;2,30;0,70;1,90;3,00;-10,40;0,30;0,70;2,40;-9,80;0,40;1,40;5,60;3,60;0,00;3,30;0,00
2004-08;-1,00;-2,60;-0,10;2,40;0,00;-2,20;3,60;-2,00;-2,50;-0,20;-4,70;1,50;3,60;-2,80;-1,80;3,50;2,20;1,00;1,80;2,90;-10,00;-0,10;0,40;2,30;-9,20;0,30;1,50;5,00;3,80;0,00;3,40;0,00
2004-09;-0,99;-2,79;0,21;2,71;0,00;-2,09;3,91;-1,79;-2,39;-0,39;-4,99;0,21;3,71;-3,09;-1,69;3,31;2,21;1,01;1,71;2,51;-9,79;-0,29;0,91;2,21;-9,29;1,11;1,01;5,51;3,91;0,00;3,51;0,00
2004-10;-0,31;-3,41;-0,11;3,19;0,00;-2,41;3,99;-1,61;-2,31;-0,81;-5,41;0,09;4,09;-3,31;-2,01;3,29;2,19;1,19;1,59;2,49;-9,61;-0,31;0,39;1,99;-8,81;0,39;1,89;5,69;4,19;0,00;3,69;0,00
2004-11;0,20;-3,60;0,20;3,50;0,00;-1,10;4,00;-2,20;-2,20;-1,10;-5,50;-0,20;3,00;-3,50;-2,10;3,20;2,10;1,40;1,60;2,80;-9,60;-0,20;0,50;2,00;-8,90;0,30;1,50;5,60;4,40;0,00;3,80;0,00
2004-12;0,14;-3,46;0,74;3,44;0,00;-1,36;3,94;-2,46;-1,86;-0,86;-5,66;0,54;2,94;-3,36;-2,06;3,34;1,84;1,74;1,74;2,64;-9,96;-0,46;0,24;1,74;-9,26;0,74;1,24;5,74;4,24;0,00;3,84;0,00
2005-01;0,24;-3,16;0,14;2,84;0,00;-0,76;4,44;-1,76;-1,66;-0,46;-5,36;0,64;3,24;-2,96;-1,36;3,54;1,94;2,04;1,44;2,54;-10,16;-0,26;0,34;1,84;-9,26;-1,06;1,44;4,74;4,34;0,00;4,04;-1,66
2005-02;0,14;-2,66;0,14;3,04;0,00;-0,86;4,44;-1,66;-1,46;-0,26;-5,46;0,14;3,14;-2,86;-1,06;3,64;1,64;1,94;1,24;2,14;-10,46;-0,36;-0,06;1,84;-8,96;-0,46;0,74;5,74;4,24;0,00;4,04;-1,66
2005-03;0,07;-2,33;0,67;2,97;0,00;0,17;4,07;-2,13;-1,43;-0,23;-5,53;0,27;3,07;-2,83;-1,13;3,77;1,47;1,47;0,97;1,67;-10,53;-0,53;-0,03;1,97;-8,93;0,07;0,87;5,67;3,97;0,00;3,97;-1,43
2005-04;0,12;-2,18;0,32;3,22;0,00;0,22;3,52;-1,68;-1,48;-0,38;-5,28;0,52;3,32;-2,58;-1,18;3,62;1,12;0,72;1,12;2,42;-10,28;-0,78;1,12;2,32;-8,48;-1,68;0,22;5,42;3,72;0,00;3,82;-0,98
2005-05;0,09;-1,81;0,39;3,49;0,00;-0,21;3,19;-1,51;-1,11;-0,41;-4,91;0,79;2,89;-2,21;-0,71;3,69;1,09;0,79;1,09;2,29;-9,91;-0,61;1,19;2,49;-8,21;-2,01;-0,21;3,79;3,39;0,00;3,69;-0,61
2005-06;0,10;-1,50;0,30;3,40;0,00;-0,20;2,70;-1,60;-0,90;-0,30;-4,60;0,50;2,10;-2,00;-0,30;3,70;0,90;1,10;1,00;2,20;-9,90;-0,90;1,10;2,40;-8,20;-0,70;-1,70;5,50;3,20;0,00;3,30;-0,70
2005-07;-0,87;-1,47;0,03;2,93;0,00;0,23;2,53;-1,97;-0,77;-0,47;-4,57;1,13;2,33;-1,97;0,03;3,53;0,63;1,13;1,23;1,73;-9,97;-1,47;1,43;1,63;-8,17;0,43;0,03;6,03;2,73;0,00;2,93;-0,97
2005-08;-1,00;-1,40;-0,10;2,80;0,00;0,70;2,70;-2,30;-0,70;-1,00;-4,40;1,30;2,40;-1,70;0,40;3,50;0,40;1,30;1,10;2,20;-9,80;-1,60;1,60;1,40;-7,90;0,50;0,30;5,00;2,90;0,00;2,80;-1,30
2005-09;-0,98;-1,58;-0,08;3,12;0,00;0,32;3,32;-2,08;-0,58;-1,08;-4,58;-0,48;2,92;-1,58;0,72;3,22;0,42;1,22;0,92;2,02;-9,68;-1,88;1,82;1,02;-8,28;0,62;0,62;6,12;3,22;0,00;2,62;-1,48
2005-10;-0,63;-1,93;0,07;3,67;0,00;0,47;3,67;-1,83;-0,73;-1,43;-4,63;-0,73;3,47;-1,03;0,77;3,17;0,67;0,97;1,07;1,77;-9,13;-1,73;1,07;0,67;-7,73;0,67;0,27;4,37;3,57;0,00;2,77;-1,53
2005-11;-0,51;-2,11;0,19;3,89;0,00;0,79;3,69;-2,21;-0,91;-1,61;-4,81;-0,31;2,29;-0,71;0,79;3,19;0,59;0,79;1,19;1,79;-9,01;-1,71;1,19;0,59;-7,41;-0,11;1,19;4,29;3,89;0,00;2,89;-1,91
2005-12;-0,63;-2,23;-0,03;3,87;0,00;0,77;3,47;-2,03;-0,93;-1,63;-4,83;0,17;2,17;-0,73;0,57;2,97;0,37;0,57;1,47;2,17;-8,93;-1,63;1,07;0,67;-7,63;0,27;0,27;6,07;3,87;0,00;2,97;-2,53
2006-01;-0,57;-2,07;-0,07;3,53;0,00;0,83;3,53;-1,47;-0,87;-1,57;-4,97;0,33;1,73;-0,47;1,03;3,23;0,43;0,83;1,33;1,33;-8,57;-1,27;0,53;0,93;-7,37;-0,57;-0,37;5,93;4,23;0,00;3,13;-2,67
2006-02;-0,64;-1,64;0,46;3,56;0,00;1,46;3,36;-2,54;-1,04;-1,54;-4,94;0,06;1,86;-0,54;1,36;3,26;0,36;0,86;1,16;1,06;-8,24;-1,24;-0,04;1,06;-7,04;-0,34;0,46;5,46;4,06;0,00;2,86;-2,84
2006-03;-0,79;-1,49;-0,29;3,41;0,00;1,41;3,11;-1,59;-1,19;-1,49;-4,99;0,51;2,51;-0,59;1,41;3,01;0,31;0,51;1,11;0,81;-7,89;-1,39;0,21;1,21;-6,79;-0,29;-0,29;5,11;3,91;0,00;2,61;-2,19
2006-04;-1,01;-1,61;0,39;3,29;0,00;2,09;2,69;-1,51;-1,21;-1,51;-4,91;0,59;3,39;-0,31;1,59;2,99;0,19;0,09;1,19;1,69;-7,41;-1,61;0,39;1,29;-6,51;-1,11;-0,81;3,49;3,59;0,00;2,29;-1,61
2006-05;-0,95;-1,55;0,55;3,45;0,00;1,15;2,55;-1,95;-1,05;-1,35;-4,45;0,45;3,35;0,15;1,95;3,05;0,15;0,35;1,15;2,45;-6,75;-1,55;0,65;1,55;-6,15;-2,75;-0,25;0,95;3,35;0,00;2,05;-0,65
2006-06;-0,92;-1,82;-0,22;3,38;0,00;0,98;1,88;-1,32;-1,12;-1,32;-4,12;0,98;2,88;0,48;1,68;2,88;-0,22;0,28;1,18;1,38;-6,52;-1,62;0,58;1,48;-6,22;-1,02;-1,52;3,88;3,38;0,00;1,58;-1,02
2006-07;-1,31;-2,11;-0,11;3,19;0,00;1,09;1,49;-1,21;-1,21;-1,41;-3,71;1,19;2,69;0,69;1,19;2,69;-0,51;0,19;1,29;1,49;-6,41;-2,01;-0,31;1,19;-6,31;0,29;0,19;4,39;3,29;0,00;1,29;-1,31
2006-08;-1,21;-2,01;0,09;3,09;0,00;1,49;1,49;-1,91;-1,21;-1,81;-3,71;0,99;2,79;0,99;0,99;2,59;-0,61;0,29;1,29;2,19;-6,31;-2,21;-0,01;1,29;-6,01;-0,01;0,39;4,09;3,59;0,00;1,19;-1,71
2006-09;-1,22;-1,72;-0,32;3,28;0,00;1,48;2,18;-1,52;-1,22;-1,62;-4,02;-0,12;3,28;0,88;1,18;2,28;-0,52;0,48;1,08;1,98;-6,02;-2,72;-0,12;1,48;-6,02;0,08;0,58;3,48;3,78;0,00;1,28;-1,52
2006-10;-1,17;-1,57;0,33;3,43;0,00;0,93;2,43;-0,97;-1,37;-1,87;-4,37;-0,67;3,13;0,63;1,63;2,13;-0,67;0,63;0,93;1,73;-5,67;-2,97;-0,17;1,23;-5,57;-0,37;0,63;3,83;4,03;0,00;1,43;-1,57
2006-11;-1,08;-1,58;0,42;3,42;0,00;1,32;2,52;-2,48;-1,48;-1,88;-4,38;-0,28;2,32;0,52;1,92;2,02;-0,68;0,42;0,92;1,72;-5,48;-2,98;-0,18;1,22;-5,28;0,12;0,72;4,22;4,42;0,00;1,52;-1,98
2006-12;-1,03;-1,53;0,27;3,17;0,00;1,57;2,37;-2,83;-1,43;-1,73;-4,23;0,67;2,27;0,27;1,67;2,07;-0,63;0,37;1,47;1,57;-5,23;-2,93;-0,53;1,27;-5,23;0,47;0,57;3,77;4,37;0,00;1,67;-2,63
2007-01;-0,87;-1,37;0,83;2,93;-2,17;1,73;2,43;-1,67;-1,37;-1,87;-4,17;0,23;1,83;0,13;1,93;2,33;-0,27;-0,07;1,13;1,43;-4,77;-2,77;0,13;1,13;-4,87;-0,47;0,03;4,93;4,53;0,00;1,73;-2,77
2007-02;-0,89;-0,99;1,11;2,81;-2,49;1,81;2,21;-2,09;-1,29;-1,79;-4,09;0,51;2,01;-0,09;1,91;2,51;-0,39;-0,19;0,91;0,81;-4,29;-2,89;-0,29;1,31;-4,59;-0,39;0,51;5,71;4,31;0,00;1,61;-3,19
2007-03;-0,97;-0,57;1,13;3,03;-2,27;1,53;1,93;-2,77;-1,37;-1,67;-3,97;1,03;2,73;-0,17;1,93;2,53;-0,57;-0,27;1,13;1,13;-3,87;-2,97;-0,07;1,63;-4,57;-0,77;-0,17;4,13;4,23;0,00;1,53;-2,57
2007-04;-1,41;-0,51;1,09;2,89;-2,01;1,69;1,49;-1,91;-1,51;-1,61;-3,61;0,99;3,19;-0,01;2,09;2,39;-0,71;-0,11;1,19;0,99;-3,51;-3,31;-0,21;1,79;-4,71;-0,61;-0,11;3,29;3,89;0,00;1,39;-2,41
2007-05;-1,25;-0,35;1,25;2,85;-2,05;1,55;1,35;-1,45;-1,45;-1,45;-3,15;0,35;3,05;0,15;2,45;2,55;-0,55;0,05;1,05;1,05;-3,05;-3,05;0,25;1,95;-4,75;-2,05;0,25;1,45;3,65;0,00;1,25;-1,85
2007-06;-0,97;-0,47;1,03;2,53;-2,07;1,63;0,83;-2,07;-1,57;-1,27;-2,97;0,73;2,83;0,23;2,53;2,43;-0,77;0,23;1,13;1,43;-2,87;-3,07;-0,07;1,83;-5,17;-1,17;-1,67;4,53;3,53;0,00;0,93;-2,07
2007-07;-1,32;-0,62;0,88;2,08;-2,12;1,98;0,88;-1,72;-1,62;-1,22;-3,32;0,38;1,98;0,28;2,28;2,48;-1,02;0,08;1,18;0,88;-2,92;-3,12;0,18;1,68;-5,32;0,28;0,58;4,18;3,48;0,00;0,68;-2,22
2007-08;-1,14;-0,54;1,16;2,16;-2,24;2,06;1,06;-1,54;-1,94;-1,54;-3,34;0,86;1,96;0,46;2,36;2,36;-1,04;-0,14;1,36;0,96;-2,84;-3,34;0,36;1,76;-5,14;0,26;0,66;3,16;3,66;0,00;0,66;-2,54
2007-09;-0,91;-0,31;0,99;2,29;-2,01;2,19;1,39;-2,41;-2,01;-1,51;-3,01;-0,01;2,59;0,69;2,29;2,19;-1,21;-0,21;0,99;1,59;-2,81;-3,31;0,39;1,79;-5,31;-0,31;0,29;4,29;3,59;0,00;0,69;-2,81
2007-10;-0,91;-0,11;1,09;2,79;-1,71;1,99;1,29;-1,81;-2,21;-1,81;-3,41;-0,51;2,89;0,99;2,39;1,89;-1,41;-0,11;0,99;1,29;-2,51;-3,41;0,19;1,39;-4,61;-0,11;0,29;3,59;3,69;0,00;0,89;-3,11
2007-11;-0,95;0,05;1,45;2,75;-2,15;1,95;1,15;-1,55;-2,55;-1,85;-3,55;-0,65;2,45;0,95;2,15;1,75;-1,65;-0,15;0,95;1,15;-2,45;-3,35;0,15;1,35;-4,35;-0,05;0,65;4,65;3,95;0,00;1,15;-3,45
2007-12;-1,00;0,00;1,30;3,10;-2,00;1,90;1,20;-2,80;-2,60;-1,40;-3,40;-0,50;2,30;0,70;1,80;1,80;-1,90;0,50;1,50;1,90;-2,20;-3,20;0,10;1,30;-4,20;0,20;0,40;3,60;4,00;0,00;1,40;-3,70
2008-01;-0,79;-0,19;1,61;3,01;-1,69;2,31;1,31;-1,49;-2,89;-1,19;-3,49;-0,89;1,81;0,11;1,61;1,71;-1,49;0,41;1,31;1,51;-1,89;-2,69;0,41;1,21;-4,09;-0,29;-0,09;3,01;4,21;0,00;1,51;-3,89
2008-02;-0,61;-0,11;1,69;2,79;-1,61;2,39;1,19;-1,61;-3,21;-1,01;-3,41;-0,81;1,69;-0,41;1,39;1,59;-1,51;0,49;1,39;0,99;-1,51;-2,71;0,19;1,39;-4,11;0,09;0,19;4,19;3,99;0,00;1,39;-4,31
2008-03;-0,44;0,06;1,96;2,66;-1,64;2,26;0,86;-2,74;-3,44;-0,94;-3,34;-0,14;2,06;-0,64;1,36;1,76;-1,34;0,46;1,26;1,26;-1,34;-2,84;0,26;1,56;-4,04;-0,44;-0,14;4,46;3,86;0,00;1,16;-3,74
2008-04;-0,31;-0,01;1,79;2,69;-1,81;2,09;0,49;-1,71;-4,11;-1,21;-2,81;-0,91;2,79;-0,61;1,49;1,59;-1,61;0,19;1,19;2,09;-1,21;-2,91;0,59;1,79;-4,21;-0,11;-0,11;3,19;3,49;0,00;1,19;-3,01
2008-05;-0,03;0,27;2,07;2,67;-1,23;2,07;0,07;-0,73;-4,33;-1,03;-2,33;-0,63;3,17;-0,53;1,57;1,67;-1,53;0,17;1,27;2,07;-0,93;-2,83;0,67;1,97;-4,13;-2,73;-0,03;1,67;3,17;0,00;0,87;-2,33
2008-06;-0,43;0,57;1,67;2,37;-1,73;1,77;-0,73;-1,33;-4,53;-0,83;-1,83;-0,63;2,77;-0,43;1,37;1,67;-1,43;0,37;1,37;2,37;-0,63;-2,83;0,57;2,07;-3,73;-0,73;-2,23;3,87;3,17;0,00;0,57;-2,63
2008-07;-1,63;0,67;1,77;2,17;-1,33;0,87;-1,33;-1,03;-4,63;-0,73;-1,63;0,07;2,27;-0,73;0,67;1,37;-1,33;0,27;1,67;2,07;-0,53;-2,83;0,77;1,87;-3,23;0,87;0,17;2,97;3,17;0,00;0,17;-3,03
2008-08;-1,75;0,95;1,95;2,45;-1,05;-0,05;-1,65;-1,05;-5,05;-1,05;-1,45;0,45;2,65;-1,15;0,15;1,35;-1,55;0,25;1,85;1,65;-0,35;-3,15;1,05;2,05;-2,65;0,55;0,85;3,45;3,35;0,00;0,05;-3,15
2008-09;-1,22;1,38;1,88;2,78;-0,32;-0,42;-1,22;-1,22;-5,52;-1,02;-1,42;-0,42;2,88;-1,82;0,08;1,18;-1,42;0,38;1,58;2,38;-0,12;-3,12;1,28;2,28;-2,52;0,38;0,18;3,18;3,38;0,00;0,18;-3,52
2008-10;-0,49;1,61;2,31;2,91;0,01;-0,29;-1,29;-0,99;-6,39;-1,29;-1,79;-0,89;3,41;-2,69;-0,39;0,91;-1,39;0,21;1,71;2,41;0,11;-3,09;0,71;2,21;-2,09;0,61;0,51;3,41;3,51;0,00;0,31;-3,89
2008-11;0,19;1,89;2,49;2,89;-0,01;-0,61;-1,21;-1,11;-7,01;-1,31;-1,61;-0,51;3,49;-3,41;-0,91;1,19;-1,21;0,39;2,09;2,09;0,19;-2,61;1,49;2,59;-1,81;0,79;0,39;1,19;4,09;0,00;0,69;-4,81
2008-12;0,33;1,83;2,43;2,63;-0,17;-2,07;-1,47;-1,67;-7,57;-1,07;-1,37;0,53;3,53;-4,17;-1,77;1,53;-1,27;1,23;2,73;2,33;0,23;-2,77;1,33;2,83;-1,77;1,13;0,63;1,93;4,43;0,00;1,03;-5,47
2009-01;0,09;0,79;2,59;2,99;0,49;-2,21;-1,81;-1,61;-8,21;-0,71;-1,11;0,09;3,79;-4,71;-2,61;2,29;-0,71;1,69;2,99;2,59;0,09;-2,21;-0,01;2,99;-1,81;0,89;0,59;2,29;5,19;0,00;1,39;-6,01
2009-02;0,64;1,14;2,74;2,94;0,34;-2,46;-2,26;-0,76;-8,76;-0,36;-0,86;0,64;4,04;-5,66;-3,66;2,94;-0,76;2,24;3,34;2,94;0,34;-1,86;0,04;3,24;-1,86;0,84;0,44;-0,56;5,54;0,00;1,54;-6,16
2009-03;0,98;1,28;2,98;2,98;0,88;-3,22;-2,72;-0,52;-9,22;-0,22;-0,72;0,78;3,88;-6,72;-4,52;3,48;-1,22;2,18;3,58;2,88;0,48;-1,82;0,68;3,38;-2,12;0,48;0,38;0,38;5,58;0,00;1,68;-5,82
2009-04;1,25;1,35;2,65;2,85;1,05;-3,65;-3,35;-0,75;-9,05;-0,15;-0,35;1,15;3,85;-7,75;-4,85;3,85;-0,35;1,85;3,65;3,05;0,95;-1,85;1,05;3,45;-2,15;-0,05;0,45;-0,35;5,55;0,00;1,55;-4,85
2009-05;1,63;1,63;2,53;2,63;1,43;-4,07;-3,87;0,43;-8,77;-0,07;0,03;2,03;3,93;-8,27;-4,77;4,13;0,03;1,83;3,73;3,83;1,23;-1,77;1,23;3,53;-2,27;-2,17;-0,17;-2,77;5,43;0,00;1,43;-3,67
2009-06;1,32;1,52;2,62;2,62;1,32;-4,18;-4,58;0,12;-8,58;0,32;0,32;1,52;3,42;-8,88;-4,78;4,12;-0,58;1,92;3,72;3,52;1,22;-1,98;1,12;3,12;-2,78;-0,18;-1,08;0,72;5,42;0,00;1,02;-3,28
2009-07;0,63;1,33;1,93;2,43;1,13;-5,07;-4,87;-0,87;-8,47;0,53;0,23;1,73;3,33;-9,47;-4,77;4,13;-0,57;2,03;3,73;2,93;1,03;-2,27;0,63;2,73;-3,17;1,33;0,93;3,53;5,53;0,00;0,93;-3,17
2009-08;0,66;1,26;1,36;2,36;1,16;-5,24;-4,74;-0,14;-8,64;0,26;0,36;2,36;3,66;-9,74;-4,74;4,26;-0,74;2,36;3,76;3,66;1,06;-2,54;0,66;2,86;-3,34;1,36;0,96;2,06;5,86;0,00;1,06;-3,54
2009-09;1,05;1,25;1,95;2,25;1,75;-4,75;-4,05;-0,05;-8,85;0,25;0,25;0,95;3,75;-9,85;-4,55;4,35;-1,25;2,45;3,55;3,15;1,15;-2,65;0,75;3,05;-4,05;1,75;0,75;1,55;5,95;0,00;1,25;-3,25
2009-10;1,37;0,97;2,27;2,17;2,27;-5,53;-3,83;-0,73;-9,13;-0,33;-0,23;0,57;3,97;-10,03;-5,13;4,27;-0,13;2,47;3,67;3,97;1,37;-2,63;0,37;2,97;-4,13;0,87;1,07;2,37;6,07;0,00;1,57;-2,83
2009-11;1,64;0,64;2,24;2,74;2,54;-5,66;-3,56;-1,36;-9,06;-0,36;-0,36;1,04;3,24;-10,26;-5,86;4,64;-0,66;2,34;3,74;3,54;1,34;-2,26;0,54;3,24;-4,26;1,14;1,44;1,64;6,54;0,00;2,14;-2,56
2009-12;1,45;0,15;2,55;2,75;2,55;-7,05;-3,65;-0,65;-9,05;0,05;-0,45;1,25;3,35;-10,65;-6,75;4,75;-0,55;2,65;4,05;4,55;0,85;-2,25;0,45;3,35;-4,45;1,95;1,05;1,55;6,55;0,00;2,45;-2,75
2010-01;1,63;-0,47;2,33;2,83;2,33;-7,97;-3,27;-1,37;-9,17;0,33;-0,97;1,03;3,03;-10,67;-7,47;5,33;-0,57;3,23;3,83;4,73;-0,17;-1,77;0,63;3,13;-4,67;0,53;0,63;2,03;6,93;4,93;2,43;-3,27
2010-02;1,80;-0,90;2,20;2,30;2,50;-8,80;-3,00;-1,70;-9,30;0,80;-1,00;1,20;3,20;-10,70;-7,80;5,60;-1,10;3,50;4,10;4,30;-0,60;-1,80;0,90;3,40;-4,70;1,30;1,10;1,80;6,60;5,10;2,50;-2,90
2010-03;1,90;-1,10;2,70;2,20;2,90;-9,00;-3,40;-1,30;-9,60;1,00;-1,30;1,50;3,00;-10,90;-8,00;5,80;-1,20;3,60;4,00;4,10;-0,60;-1,90;0,50;3,40;-4,70;1,20;1,00;2,30;6,50;5,20;2,60;-2,30
2010-04;1,86;-1,24;3,06;2,26;3,06;-8,84;-4,04;-1,94;-9,94;0,96;-1,44;1,26;3,66;-10,94;-8,44;5,86;-0,44;3,26;4,06;4,86;-0,04;-2,24;1,46;3,06;-4,44;0,86;0,36;0,86;6,16;5,46;2,66;-1,04
2010-05;2,02;-0,98;2,82;2,52;3,22;-8,08;-4,48;-1,98;-9,78;1,02;-1,28;1,62;3,82;-10,28;-7,98;5,92;-0,78;3,52;4,02;5,22;0,32;-2,28;1,62;3,02;-4,18;-0,38;0,92;-3,08;6,02;5,52;2,52;-0,18
2010-06;1,65;-0,95;2,85;2,05;3,05;-7,25;-5,25;-2,05;-9,85;1,05;-1,45;1,75;3,15;-9,85;-8,15;5,55;-1,25;3,45;3,75;4,65;0,25;-2,75;1,15;2,65;-4,55;0,65;-0,05;2,95;5,85;5,25;1,95;-0,15
2010-07;0,78;-0,82;2,28;1,78;2,78;-6,02;-5,42;-2,92;-9,82;1,18;-1,42;1,88;3,18;-9,22;-8,62;5,38;-0,52;3,08;3,68;4,68;0,08;-2,92;0,78;2,48;-4,62;1,88;1,18;3,28;5,78;4,68;1,68;-0,32
2010-08;0,71;-0,99;2,31;1,91;3,01;-5,69;-5,49;-2,99;-10,09;0,61;-1,69;2,71;3,61;-8,99;-8,09;5,31;-1,19;3,01;3,81;4,71;0,11;-3,29;0,61;2,41;-4,49;2,11;1,71;3,31;5,91;4,51;1,61;-1,09
2010-09;1,09;-1,31;2,79;2,09;3,09;-5,21;-5,01;-3,21;-10,21;0,69;-2,01;1,29;4,29;-8,61;-7,61;5,19;-1,01;2,79;3,59;4,69;0,09;-3,21;1,19;2,59;-4,71;2,39;1,49;1,39;5,89;4,79;1,59;-1,01
2010-10;1,46;-2,14;2,66;2,16;3,16;-4,64;-5,24;-4,14;-10,44;0,26;-2,64;0,46;4,76;-8,34;-7,54;4,96;-0,34;2,46;3,76;4,86;0,16;-3,04;0,86;2,06;-4,34;2,16;1,76;2,46;6,16;5,36;1,86;-0,84
2010-11;1,79;-2,81;2,89;2,19;3,39;-3,71;-5,31;-4,61;-10,51;-0,01;-3,11;0,79;3,99;-8,01;-7,31;4,79;-0,81;2,49;3,79;5,09;0,09;-3,21;0,59;1,99;-4,21;2,49;2,19;1,59;6,29;5,49;2,09;-0,51
2010-12;2,19;-3,01;3,09;1,99;3,39;-4,31;-5,51;-5,31;-10,31;0,29;-3,21;1,49;4,09;-7,71;-7,61;4,79;-0,91;2,99;4,29;5,29;-0,01;-3,11;0,89;1,69;-4,01;1,79;2,09;0,99;6,59;5,49;2,29;-0,71
2011-01;2,70;-3,10;2,90;2,10;3,40;-4,60;-5,00;-5,20;-10,60;0,40;-4,00;1,50;3,00;-7,30;-7,20;5,20;-0,90;3,60;4,10;4,80;-0,10;-2,90;0,70;1,60;-3,90;1,60;1,60;1,60;6,90;5,50;2,40;-0,90
2011-02;3,06;-2,94;2,86;1,76;3,76;-3,94;-4,74;-5,94;-10,94;0,66;-4,14;1,56;2,46;-7,34;-6,94;5,36;-1,54;3,66;4,06;3,66;-0,14;-2,94;1,06;1,66;-3,84;1,76;1,96;1,66;6,96;5,56;2,46;-0,44
2011-03;3,22;-2,88;3,32;2,12;3,72;-3,88;-4,78;-6,68;-11,18;0,82;-4,18;1,32;2,52;-7,58;-6,78;5,42;-1,18;3,62;4,12;4,62;-0,18;-3,18;1,12;1,72;-3,68;0,22;1,52;2,12;6,62;5,52;2,52;0,02
2011-04;3,18;-2,93;2,98;2,18;4,08;-3,23;-5,13;-6,13;-11,03;0,78;-3,93;1,78;2,68;-7,83;-6,43;5,18;-0,52;3,08;3,98;4,98;-0,12;-3,13;0,78;1,88;-3,53;1,48;1,58;-1,53;6,28;5,78;2,28;0,58
2011-05;3,21;-2,39;3,21;2,51;4,11;-3,19;-5,39;-7,59;-10,79;0,91;-3,69;1,71;2,61;-7,39;-5,69;5,21;-0,79;3,11;3,91;5,11;0,01;-3,09;1,21;2,11;-3,29;0,01;1,51;-2,39;6,21;6,01;2,01;1,01
2011-06;2,73;-2,27;2,83;1,93;3,53;-3,27;-6,37;-6,87;-11,07;0,83;-3,67;1,83;1,93;-6,97;-5,57;4,93;-1,17;3,13;3,83;5,23;-0,07;-3,17;0,83;1,83;-3,67;0,73;0,13;4,23;5,93;5,53;1,33;0,83
2011-07;1,70;-2,00;2,70;1,70;3,50;-2,20;-6,90;-7,50;-11,40;0,90;-3,40;2,00;1,60;-6,10;-6,00;4,60;-0,90;3,40;3,60;5,20;-0,20;-3,30;0,60;1,50;-3,70;2,30;2,10;3,50;5,90;5,00;1,10;0,80
2011-08;1,41;-1,89;3,01;1,81;3,51;-1,29;-6,89;-9,89;-11,89;0,61;-3,39;2,61;1,71;-5,59;-5,59;4,61;-0,89;3,61;3,71;5,41;-0,19;-3,89;0,41;1,61;-3,69;2,81;2,31;3,21;6,11;4,71;0,91;0,91
2011-09;1,68;-1,82;2,88;1,88;4,28;-1,22;-5,82;-8,32;-12,42;0,58;-3,42;0,68;1,48;-5,32;-4,92;4,58;-1,02;3,58;3,28;5,38;-0,32;-4,42;0,48;1,48;-4,12;2,48;2,28;3,08;5,98;4,78;0,98;1,28
2011-10;2,42;-2,08;3,22;2,12;4,62;-1,58;-5,18;-9,98;-12,58;0,22;-3,88;0,62;1,62;-5,08;-4,18;4,82;-0,98;3,32;3,32;4,82;-0,08;-4,48;0,62;1,12;-4,08;2,62;2,32;2,02;6,42;5,42;1,32;1,32
2011-11;2,73;-2,67;3,53;2,13;4,43;-1,37;-5,27;-11,57;-12,77;0,03;-4,17;-0,17;0,43;-5,17;-3,77;4,93;0,03;3,23;3,23;4,53;-0,17;-4,87;0,33;1,03;-4,17;3,53;2,53;4,43;6,63;5,43;1,63;1,43
2011-12;2,99;-3,01;3,59;2,29;4,69;-0,81;-5,81;-11,71;-12,61;0,29;-4,51;0,09;0,69;-5,21;-4,01;4,79;-0,51;3,59;3,89;5,09;-0,21;-5,21;0,39;1,19;-4,01;2,49;2,59;3,59;6,79;5,59;1,99;1,09
2012-01;3,07;-3,33;3,57;2,47;4,27;-0,73;-4,93;-11,03;-13,23;0,37;-5,53;-0,03;-0,43;-5,33;-4,03;5,17;-1,63;4,27;3,67;5,67;-0,33;-4,83;1,07;1,57;-3,63;2,37;1,87;3,17;7,07;5,87;2,27;1,17
2012-02;3,26;-3,34;3,26;2,36;4,86;-0,64;-5,34;-12,54;-13,64;0,76;-5,74;-0,34;-0,54;-5,74;-3,94;5,46;-0,74;4,56;3,86;4,46;-0,24;-5,14;1,76;1,96;-3,34;2,96;2,26;2,76;7,26;6,06;2,46;1,06
2012-03;3,44;-3,26;3,64;2,44;5,24;-0,56;-5,36;-13,26;-13,96;0,94;-5,76;-0,96;-0,76;-6,16;-3,96;5,54;-0,56;4,44;3,84;5,34;-0,06;-5,46;1,44;2,34;-3,26;1,84;2,54;2,54;7,44;6,14;2,54;1,54
2012-04;3,28;-3,42;3,58;2,28;5,18;0,28;-5,32;-12,62;-14,12;0,78;-5,12;-0,82;-0,72;-6,62;-3,62;5,48;-0,92;4,18;3,48;5,48;-0,02;-5,92;1,68;2,28;-3,32;2,08;2,18;2,08;7,18;6,18;2,58;2,18
2012-05;3,33;-2,98;3,63;2,33;4,83;0,33;-5,38;-13,28;-14,18;0,83;-4,58;-0,17;-1,08;-6,08;-2,78;5,53;-0,27;4,13;3,63;5,33;0,23;-5,58;1,83;2,13;-3,18;0,53;1,63;0,83;6,93;6,33;2,53;2,73
2012-06;3,07;-2,83;3,57;2,27;4,87;0,17;-6,03;-14,73;-14,13;0,97;-4,33;-0,33;-1,43;-5,33;-2,73;5,37;-0,03;3,87;3,57;4,97;0,07;-5,73;1,77;1,67;-3,53;2,07;0,87;4,37;6,77;6,07;2,07;2,77
2012-07;2,44;-2,76;3,04;2,24;4,44;0,34;-6,36;-13,86;-14,36;1,14;-4,26;0,04;-2,66;-4,06;-2,56;5,24;-0,46;3,84;3,44;4,94;-0,06;-5,96;1,44;0,94;-3,56;3,14;2,54;4,94;6,84;5,54;2,04;2,44
2012-08;2,22;-2,38;2,82;2,32;4,82;0,72;-6,08;-15,18;-14,68;0,82;-4,38;0,92;-1,78;-3,38;-2,38;5,32;0,12;3,72;3,72;4,92;-0,08;-6,68;1,82;0,82;-3,48;2,72;2,52;3,72;6,92;5,42;2,12;2,12
2012-09;2,13;-2,27;3,53;2,43;5,13;1,43;-4,77;-15,67;-15,07;0,63;-4,77;-0,67;-1,67;-3,27;-2,47;5,13;0,23;3,83;3,13;4,93;-0,07;-6,87;1,63;0,93;-3,67;2,93;2,33;4,63;6,83;5,43;2,13;1,83
2012-10;2,09;-2,71;3,29;2,99;5,19;1,49;-4,21;-14,51;-15,31;0,09;-6,51;-1,71;-1,41;-3,61;-2,61;5,09;-0,31;3,89;3,29;5,39;0,09;-7,31;1,89;0,79;-3,91;3,39;2,69;5,29;6,99;5,79;2,49;1,99
2012-11;2,26;-2,94;2,96;3,46;5,46;1,56;-3,74;-16,74;-15,34;-0,14;-6,84;-1,44;-2,44;-3,44;-2,84;5,26;0,16;4,26;3,36;5,16;0,16;-7,34;2,06;1,26;-3,84;3,16;2,56;5,76;7,26;5,96;2,96;1,96
2012-12;2,18;-3,12;3,78;3,18;5,48;1,08;-3,92;-16,12;-15,12;0,08;-7,22;-0,72;-2,92;-3,12;-2,62;4,98;0,68;4,98;3,58;5,48;-0,02;-7,72;1,68;0,68;-3,82;3,48;2,88;4,68;7,28;5,78;3,08;1,38
2013-01;2,58;-3,33;4,18;3,38;5,48;1,18;-3,13;-16,03;-15,43;0,28;-7,63;-1,83;-4,73;-2,03;-2,13;5,38;-0,53;5,58;3,48;4,78;-0,23;-7,33;2,38;0,28;-3,33;2,38;2,68;4,98;7,68;6,08;3,38;1,58
2013-02;2,72;-3,48;3,42;3,32;5,42;1,52;-3,08;-16,48;-15,78;0,52;-7,78;-1,78;-4,98;-1,78;-1,68;5,42;-0,28;5,62;3,32;4,72;-0,38;-7,28;2,22;0,02;-3,18;2,32;2,62;6,12;7,52;6,12;3,52;1,62
2013-03;2,73;-3,58;3,93;3,33;5,73;2,03;-3,08;-16,58;-15,78;0,63;-7,68;-1,48;-4,28;-1,28;-1,78;5,43;0,92;5,23;3,03;4,43;-0,28;-7,18;1,73;0,03;-3,08;2,13;2,23;3,63;7,33;6,23;3,53;1,83
2013-04;2,48;-3,72;4,08;3,48;5,68;2,78;-3,72;-16,92;-15,72;0,48;-6,72;-1,72;-4,62;-1,02;-1,52;5,18;1,18;4,68;2,78;5,48;-0,32;-7,02;1,38;0,08;-3,12;1,88;1,98;3,78;6,98;6,18;3,38;2,18
2013-05;2,52;-3,08;3,52;3,42;5,62;2,82;-3,98;-16,68;-15,38;0,52;-5,98;-1,68;-4,48;-0,58;-0,68;5,12;0,32;4,32;2,62;5,62;0,02;-6,78;2,12;0,32;-3,08;-0,18;2,32;2,62;6,82;6,22;3,12;2,52
2013-06;2,32;-2,88;4,02;3,32;5,12;2,72;-4,28;-16,28;-15,18;0,62;-5,58;-1,28;-5,28;-0,68;-0,98;4,82;1,02;4,12;2,32;5,42;0,12;-6,48;0,92;0,52;-3,58;2,62;1,12;3,72;6,72;6,02;2,72;2,32
2013-07;1,58;-2,82;3,68;2,88;5,08;2,68;-4,12;-17,02;-15,32;0,68;-5,62;-0,82;-6,12;-1,32;-0,62;4,48;0,78;4,08;1,98;4,68;0,08;-6,62;1,78;0,58;-3,72;3,48;2,88;6,68;6,48;5,48;2,38;1,68
2013-08;1,55;-2,55;3,05;2,85;5,35;2,55;-3,65;-16,85;-15,25;0,55;-5,35;-0,65;-6,05;-1,55;-0,75;4,65;0,35;4,15;2,25;5,15;0,25;-6,15;1,65;0,85;-3,45;3,15;2,85;5,35;6,55;5,35;2,45;1,35
2013-09;1,66;-2,64;3,46;3,36;5,36;2,36;-2,34;-16,84;-15,44;0,36;-5,94;-1,94;-5,74;-1,44;-0,34;4,46;1,36;4,06;1,86;4,86;0,36;-5,94;1,76;1,16;-3,84;2,86;2,66;4,46;6,66;5,46;2,76;1,16
2013-10;1,73;-3,37;4,03;3,33;5,33;1,93;-1,97;-16,37;-15,67;0,03;-7,17;-2,57;-4,97;-0,97;-0,37;4,33;1,13;4,03;1,83;4,83;0,53;-5,97;1,43;0,83;-3,87;2,93;2,83;4,93;6,73;5,93;3,23;1,23
2013-11;1,91;-3,59;3,51;3,71;5,51;1,81;-1,69;-18,19;-15,39;-0,09;-7,49;-2,69;-5,99;-0,69;-0,89;4,41;1,91;4,31;2,11;4,61;0,51;-5,69;1,61;1,01;-3,59;2,41;2,81;6,11;6,91;6,21;3,51;1,21
2013-12;1,85;-3,65;3,75;3,15;5,65;1,95;-2,05;-17,45;-14,85;0,05;-7,85;-1,75;-5,75;-0,85;-1,65;4,05;1,85;4,75;2,35;4,95;0,25;-5,45;1,35;0,45;-3,55;2,65;2,85;5,75;6,75;5,95;3,65;0,95
2014-01;1,94;-3,36;4,34;3,54;5,44;2,04;-1,66;-16,16;-15,06;0,14;-8,26;-3,06;-5,66;-0,76;-1,66;4,54;2,74;5,14;2,04;4,04;-0,06;-4,86;1,94;-0,06;-3,26;2,34;2,14;3,94;7,34;5,64;4,14;0,44
2014-02;2,12;-3,08;4,02;3,42;5,52;2,52;-1,78;-18,08;-15,08;0,22;-8,58;-3,08;-5,88;-1,08;-1,68;4,72;3,32;5,22;1,92;4,22;-0,08;-4,98;2,02;-0,08;-3,18;1,62;2,22;6,32;7,22;5,52;4,12;0,42
2014-03;2,08;-2,82;3,88;3,88;5,38;2,68;-1,82;-16,72;-15,02;0,38;-8,52;-2,42;-6,62;-1,02;-1,42;4,78;2,58;4,98;1,88;3,78;0,18;-4,82;1,68;0,28;-2,92;0,98;1,98;4,28;7,28;5,58;4,28;1,38
2014-04;1,78;-2,73;4,18;3,58;5,18;2,68;-2,13;-16,43;-14,83;0,28;-7,63;-2,63;-5,53;-0,92;-1,33;4,48;2,58;4,48;1,48;4,78;0,38;-4,93;1,48;0,58;-3,03;1,18;1,38;3,98;6,68;5,48;4,08;1,48
2014-05;1,87;-2,23;4,07;3,47;5,27;3,07;-2,33;-17,23;-14,43;0,17;-6,83;-2,73;-5,03;-0,43;-1,23;4,37;2,47;4,17;1,57;4,67;0,77;-4,63;1,97;0,77;-2,93;-0,83;1,87;2,47;6,67;5,47;3,97;1,67
2014-06;1,63;-1,97;3,83;3,13;5,03;3,03;-2,77;-15,97;-13,97;0,23;-6,27;-1,47;-5,77;-0,47;-0,97;4,23;1,53;4,13;1,73;3,73;1,03;-4,57;1,13;0,73;-3,07;0,73;0,53;4,73;6,33;5,23;3,63;0,83
2014-07;0,85;-2,15;3,95;2,65;4,95;2,55;-2,95;-15,55;-14,05;0,15;-5,65;-2,25;-6,95;-0,85;0,05;3,65;2,15;3,65;1,65;3,85;1,15;-4,55;1,45;0,35;-3,25;2,65;2,45;5,95;6,05;4,65;3,45;-0,05
2014-08;0,82;-1,98;3,32;2,62;4,72;2,32;-2,58;-16,18;-13,88;-0,28;-5,48;-1,28;-6,48;-0,98;0,52;3,82;3,12;3,82;2,02;4,32;1,42;-4,08;1,22;0,32;-3,08;2,12;2,22;4,02;5,92;4,52;3,52;-0,38
2014-09;0,87;-2,03;4,07;2,77;4,77;2,57;-1,43;-16,03;-14,03;-0,43;-5,73;-3,03;-5,73;-0,93;1,07;3,57;2,17;3,87;1,57;3,77;1,47;-4,13;1,47;0,37;-3,03;1,37;2,27;4,87;5,97;4,67;3,57;-0,43
2014-10;1,01;-1,99;4,31;3,01;4,91;3,11;-0,79;-15,69;-14,19;-0,89;-7,29;-3,89;-4,99;-0,69;0,51;3,61;3,11;4,11;1,61;4,01;1,61;-4,39;1,31;0,11;-2,89;1,31;2,01;4,11;5,91;5,41;3,91;-1,19
2014-11;1,16;-1,84;3,66;3,16;4,76;3,46;-0,54;-16,14;-14,04;-1,14;-7,64;-4,64;-6,94;-0,54;-0,34;3,56;2,96;4,26;1,66;3,76;1,46;-4,24;0,96;0,26;-2,74;1,66;2,26;6,36;6,16;5,56;4,36;-0,74
2014-12;1,13;-1,57;4,13;3,33;5,33;3,33;-0,67;-17,27;-13,67;-0,97;-7,97;-2,27;-6,87;-0,27;-1,07;3,23;2,43;4,53;1,83;3,83;1,33;-4,47;1,43;0,03;-2,67;1,03;2,63;5,23;6,03;5,43;4,43;-0,97
2015-01;1,26;-1,44;4,16;3,46;5,26;3,26;-0,34;-16,14;-13,74;-0,84;-8,34;-2,74;-7,64;0,16;-0,14;3,56;2,76;4,66;1,56;3,66;1,16;-4,34;1,06;0,06;-2,54;1,16;1,56;5,06;6,06;5,46;4,66;-1,74
2015-02;1,32;-1,28;4,02;3,52;4,92;3,52;-0,28;-15,88;-13,68;-0,58;-8,38;-2,98;-7,78;-0,08;0,22;3,62;2,42;4,82;1,82;3,32;1,22;-4,08;1,32;0,32;-2,18;-0,08;1,62;4,92;5,72;5,42;4,72;-1,48
2015-03;1,15;-1,55;4,25;3,25;5,25;3,15;-0,35;-17,65;-13,55;-0,45;-8,05;-3,25;-7,15;-0,25;0,45;3,65;2,45;4,65;1,65;3,15;1,45;-3,85;1,35;0,45;-1,95;-0,35;1,85;5,15;5,55;5,35;4,65;-0,35
2015-04;0,94;-1,86;4,44;3,14;4,74;2,64;-0,66;-15,56;-13,36;-0,66;-7,06;-2,56;-5,46;-0,26;0,04;3,34;2,94;4,14;1,44;3,44;1,64;-3,66;0,94;0,24;-1,76;-0,66;1,14;3,54;5,24;5,14;4,24;0,04
2015-05;0,99;-1,51;4,59;3,29;4,89;2,69;-0,91;-14,31;-13,01;-0,81;-6,21;-3,01;-4,71;-0,31;0,19;3,19;2,89;3,89;1,39;3,29;1,79;-3,11;1,19;0,19;-1,71;-2,31;1,19;2,09;4,89;4,99;3,89;0,49
2015-06;0,97;-1,03;4,37;3,07;4,57;3,07;-1,13;-15,73;-12,63;-0,63;-5,63;-2,93;-5,53;-0,53;-0,23;3,17;2,27;3,77;1,47;3,37;1,97;-3,03;0,97;0,17;-1,93;-1,03;0,47;5,97;4,47;4,77;3,67;-0,43
2015-07;0,57;-0,73;3,88;2,68;4,38;3,48;-1,33;-15,53;-12,33;-0,73;-5,53;-1,73;-6,73;-0,73;0,38;2,58;2,68;3,78;1,48;3,28;1,78;-3,23;0,98;0,07;-2,33;0,57;2,28;5,38;4,38;3,98;3,38;-1,03
2015-08;0,46;-0,34;4,06;2,46;4,56;3,36;-1,14;-14,44;-12,34;-1,34;-5,54;-1,04;-6,14;-0,84;0,56;2,46;2,56;3,66;1,56;3,26;1,66;-3,54;0,56;0,26;-2,34;0,46;2,36;4,66;4,26;3,56;3,36;-1,14
2015-09;0,39;0,09;4,29;2,79;4,59;2,99;-0,41;-15,61;-12,21;-1,21;-5,71;-2,41;-4,61;-0,81;0,79;2,49;2,79;3,59;1,09;2,99;1,69;-3,81;0,69;0,69;-2,51;0,39;1,99;4,69;4,39;3,69;3,49;-1,41
2015-10;0,12;0,22;4,42;3,02;4,52;2,72;-0,18;-15,58;-12,28;-1,48;-6,78;-3,18;-2,98;-0,78;0,52;2,32;2,82;3,32;1,02;3,42;1,82;-3,88;1,02;0,52;-2,28;0,12;2,02;4,72;4,42;4,12;3,92;-1,58
2015-11;0,15;0,15;4,55;3,05;4,45;2,35;-0,15;-15,35;-11,95;-1,65;-7,15;-3,25;-4,25;-0,85;0,25;2,35;3,05;3,55;1,35;2,35;1,95;-3,75;0,75;0,65;-2,05;0,65;2,55;4,85;4,45;4,15;4,15;-1,25
2015-12;0,08;-0,02;4,48;2,88;4,48;2,28;-0,02;-15,52;-11,62;-1,62;-7,02;-2,72;-4,12;-1,02;-0,42;1,98;2,98;3,68;1,68;2,88;1,88;-3,82;0,68;0,28;-1,82;-0,22;2,08;7,08;4,38;3,98;4,18;-1,92
2016-01;0,56;-0,14;4,66;3,06;4,86;2,46;0,36;-16,24;-11,74;-1,54;-7,24;-2,84;-4,74;-1,04;0,56;2,46;3,16;3,86;1,46;1,96;1,96;-3,44;1,16;0,16;-1,34;-0,14;1,56;6,06;4,26;3,96;4,26;-2,24
2016-02;0,72;-0,38;4,82;2,82;4,52;2,52;0,42;-15,38;-11,88;-1,58;-6,88;-3,08;-5,18;-1,08;0,92;2,52;3,52;3,92;1,42;1,62;2,02;-3,68;1,42;0,32;-1,18;-0,48;1,42;5,62;4,12;3,82;4,12;-1,78
2016-03;0,75;-0,65;4,95;2,85;4,45;2,05;0,35;-15,65;-11,85;-1,25;-6,35;-3,05;-4,75;-1,05;0,95;2,55;3,25;3,95;1,35;2,15;2,15;-3,45;1,15;0,45;-1,05;-1,05;1,15;4,85;3,95;3,75;4,15;-1,05
2016-04;0,46;-0,84;4,66;2,66;4,46;2,06;-0,24;-14,84;-11,94;-1,24;-5,04;-3,24;-3,64;-1,04;0,76;2,36;3,16;3,56;1,16;2,46;2,16;-3,24;1,26;0,56;-1,14;-1,04;1,26;3,36;3,76;3,86;3,96;-0,44
2016-05;0,54;-0,66;4,74;2,64;4,24;1,94;-0,66;-14,86;-11,56;-1,26;-4,06;-3,06;-3,26;-0,96;0,34;2,44;3,74;3,54;1,24;1,94;2,14;-2,86;1,24;0,64;-1,16;-2,36;0,64;4,14;3,64;3,94;3,64;-0,56
2016-06;0,47;-0,43;4,17;2,47;4,07;1,47;-0,93;-14,23;-11,13;-1,03;-3,63;-3,23;-4,13;-1,13;0,17;2,37;3,57;3,57;1,37;1,97;2,17;-2,63;1,17;0,77;-1,23;-1,13;0,47;5,87;3,47;3,67;3,37;-1,83
2016-07;0,11;-0,09;3,91;2,21;4,01;1,31;-0,89;-14,39;-10,79;-1,09;-3,49;-2,59;-4,99;-1,39;0,41;2,11;3,11;3,71;1,51;2,01;2,11;-2,59;1,21;0,81;-1,29;0,11;1,71;6,11;3,41;3,21;3,21;-2,79
2016-08;0,11;0,21;4,51;2,11;4,11;0,71;-0,59;-15,09;-10,69;-1,69;-3,39;-1,99;-4,99;-1,39;0,71;2,11;3,61;3,91;1,81;1,71;2,11;-2,79;1,31;0,91;-1,29;0,61;1,51;5,01;3,41;3,01;3,31;-2,79
2016-09;0,42;0,42;4,22;2,02;4,42;1,12;0,42;-13,98;-10,78;-1,68;-3,58;-3,68;-4,38;-1,28;0,82;1,82;3,52;3,92;1,42;2,02;2,12;-2,98;1,02;0,82;-1,38;0,52;1,92;4,82;3,32;3,02;3,22;-3,68
2016-10;0,71;0,41;4,41;2,21;4,21;1,01;0,81;-14,59;-10,69;-2,19;-4,69;-3,89;-3,59;-1,09;1,01;1,81;3,51;3,71;1,41;2,21;2,31;-2,89;1,61;0,21;-1,19;-0,09;1,51;5,21;3,51;3,51;3,41;-3,79
2016-11;0,94;0,54;4,64;2,44;4,24;1,44;1,04;-15,96;-10,66;-2,26;-5,06;-4,56;-5,36;-1,06;0,74;1,84;4,24;3,84;1,64;2,14;2,54;-2,76;1,54;0,04;-0,96;-0,26;1,74;5,54;3,84;3,64;3,64;-3,46
2016-12;0,80;0,50;4,60;2,30;4,70;1,80;0,90;-15,70;-10,20;-2,10;-5,30;-3,90;-5,20;-1,20;-0,30;1,50;3,80;4,00;2,10;2,30;2,70;-2,40;1,40;-0,10;-0,80;0,20;1,60;5,20;4,10;3,50;3,70;-4,60
2017-01;0,56;0,56;4,86;2,26;4,46;2,26;1,36;-15,34;-10,34;-1,84;-5,74;-3,94;-5,34;-1,04;0,36;2,06;4,26;4,26;1,76;1,76;2,86;-2,14;2,06;0,06;-0,34;-0,84;0,96;3,76;4,46;3,16;3,86;-5,04
2017-02;0,39;0,49;4,89;1,89;4,09;2,69;1,29;-15,41;-10,51;-1,61;-5,51;-3,61;-5,51;-1,01;0,19;2,29;4,09;4,29;1,79;1,19;2,89;-2,11;1,79;0,49;-0,31;-1,21;0,79;4,89;3,99;2,99;3,79;-4,51
2017-03;0,27;0,27;4,77;1,97;4,07;2,27;1,17;-14,53;-10,53;-1,63;-5,13;-4,13;-5,03;-1,23;0,17;2,27;3,37;4,07;1,67;1,27;2,77;-2,13;1,47;0,87;-0,33;-1,53;1,07;5,87;3,47;2,97;3,67;-3,63
2017-04;0,33;0,13;4,43;1,93;3,63;1,63;0,93;-13,87;-10,17;-1,57;-3,87;-3,47;-3,47;-1,27;0,43;2,13;3,43;3,73;1,43;1,93;2,53;-2,07;1,73;1,03;-0,57;-2,57;0,33;4,13;3,13;3,13;3,53;-2,77
2017-05;0,58;0,28;4,78;1,98;3,98;0,98;0,78;-14,22;-9,62;-1,62;-2,72;-3,62;-2,72;-1,22;0,78;2,28;3,68;3,68;1,48;1,78;2,48;-1,62;1,28;1,18;-0,52;-3,32;0,18;1,58;3,08;3,28;3,28;-2,12
2017-06;0,36;0,16;4,46;1,46;3,66;1,06;0,26;-12,94;-9,34;-1,64;-2,44;-3,44;-3,14;-1,44;0,26;2,06;3,06;3,46;1,56;2,06;2,36;-1,64;1,26;0,96;-0,54;-1,74;-0,24;4,46;2,96;2,96;2,86;-3,14
2017-07;-0,32;0,18;4,28;1,18;3,58;1,48;-0,02;-13,02;-9,12;-1,92;-2,32;-3,52;-3,42;-1,52;0,48;1,78;3,08;3,28;1,58;1,48;2,38;-1,52;1,18;0,68;-0,72;-0,42;0,48;6,08;2,98;2,28;2,78;-3,42
2017-08;-0,23;0,27;4,37;1,17;3,37;2,07;0,07;-13,53;-9,23;-2,43;-2,43;-3,03;-3,03;-1,33;0,67;1,87;3,17;3,17;1,87;1,67;2,37;-1,63;1,27;0,77;-0,73;-0,33;1,07;4,27;3,07;2,07;2,77;-3,43
2017-09;0,01;0,51;4,41;1,41;3,61;1,71;0,61;-12,79;-9,39;-2,09;-2,39;-3,79;-2,09;-1,19;0,51;1,71;3,31;2,91;1,41;1,51;2,31;-1,59;1,21;1,01;-0,89;-1,19;0,71;3,91;3,11;2,11;2,71;-3,29
2017-10;0,34;0,44;4,44;1,54;3,34;1,74;0,84;-13,46;-9,56;-2,26;-3,26;-4,26;-1,56;-1,06;0,84;1,64;3,24;3,04;1,54;1,74;2,44;-1,66;1,34;1,14;-0,86;-0,56;0,54;3,14;3,14;2,54;2,84;-3,46
2017-11;0,70;0,40;4,70;1,80;3,60;1,50;1,00;-15,00;-9,60;-2,20;-3,60;-4,50;-3,70;-1,10;0,50;1,50;3,40;3,00;1,60;1,20;2,50;-1,30;1,10;1,40;-0,70;0,00;1,00;5,20;3,20;2,60;2,80;-3,00
2017-12;0,96;0,46;4,86;1,76;3,66;1,06;1,06;-14,14;-9,24;-2,14;-3,34;-3,64;-4,04;-0,94;-0,44;1,16;3,46;3,26;1,96;1,46;2,76;-1,14;1,36;1,36;-0,34;-1,34;0,96;3,46;3,26;2,46;3,06;-3,14
2018-01;1,18;0,58;4,78;2,08;3,78;0,58;1,58;-13,52;-9,42;-2,42;-3,62;-4,52;-4,12;-0,82;0,28;1,68;3,68;3,68;1,88;0,98;2,98;-0,92;1,58;1,18;0,08;-1,62;0,18;2,98;3,48;2,18;3,18;-3,62
2018-02;1,06;0,56;4,66;1,76;3,46;0,56;1,56;-14,84;-9,64;-2,44;-3,34;-4,04;-3,84;-0,94;0,16;1,56;3,46;3,46;1,86;1,16;3,06;-0,84;1,56;1,16;0,26;-1,54;0,76;4,76;3,26;1,96;3,06;-3,54
2018-03;0,79;0,29;4,89;1,69;3,49;0,99;1,39;-13,61;-9,51;-2,31;-2,91;-4,51;-2,81;-1,11;-0,41;1,39;3,29;3,09;1,69;1,19;2,99;-0,81;1,29;1,29;0,19;-1,91;0,29;4,59;2,99;1,89;2,89;-2,81
2018-04;0,33;0,03;4,53;1,53;3,23;1,53;0,83;-13,07;-9,17;-2,17;-1,97;-4,57;-0,97;-1,17;0,53;1,23;3,13;2,93;1,63;1,53;3,03;-0,57;1,33;1,33;0,03;-1,77;-0,27;2,03;2,83;1,93;2,83;-2,57
2018-05;0,29;-0,01;4,29;1,49;3,09;1,39;0,39;-12,71;-8,81;-2,21;-1,21;-3,91;-0,51;-1,11;0,89;1,09;3,09;2,79;1,59;2,09;2,89;-0,51;1,29;1,29;-0,11;-2,81;-0,21;1,99;2,59;1,89;2,69;-2,91
2018-06;0,32;0,12;4,12;1,32;2,82;1,22;0,12;-11,68;-8,38;-2,08;-1,08;-4,08;-1,18;-1,08;0,32;1,02;3,02;2,72;1,62;1,52;2,72;-0,28;1,22;1,22;-0,18;-0,68;-0,98;3,42;2,42;1,92;2,32;-3,88
2018-07;0,14;0,14;4,04;1,24;3,04;1,14;0,04;-12,16;-8,16;-2,26;-0,96;-3,26;-1,96;-0,86;0,74;0,74;2,64;2,64;1,74;1,24;2,54;-0,26;1,34;1,14;-0,06;-0,16;0,04;3,44;2,34;1,94;2,24;-4,36
2018-08;0,41;0,31;3,81;1,31;2,91;1,11;0,21;-12,59;-8,29;-2,79;-0,89;-2,19;-1,79;-0,59;0,81;0,81;2,51;2,81;1,81;1,31;2,41;-0,59;1,31;1,21;0,01;-0,39;0,11;3,41;2,31;1,91;2,11;-4,89
2018-09;0,47;0,37;3,87;1,17;2,87;0,67;0,67;-11,43;-8,43;-2,63;-0,93;-3,73;-1,03;-0,63;0,47;0,77;2,57;2,57;1,37;1,17;2,27;-0,53;1,47;1,47;-0,13;-0,23;0,17;4,57;2,17;1,77;1,97;-5,23
2018-10;0,44;0,54;4,24;1,44;3,04;1,14;0,74;-12,06;-8,36;-2,76;-1,56;-4,96;-0,06;-0,56;0,74;0,84;2,94;2,74;1,54;1,14;2,44;-0,56;1,14;1,74;0,04;-0,26;0,34;2,94;2,34;1,74;2,24;-5,46
2018-11;0,50;0,70;4,40;1,20;3,10;1,80;1,00;-13,20;-8,20;-2,70;-1,70;-4,70;-1,90;-0,50;0,50;1,00;2,70;2,70;1,80;1,80;2,50;-0,60;1,10;2,00;0,20;0,10;0,30;2,80;2,80;1,70;2,50;-5,70
2018-12;0,47;0,57;3,97;1,17;3,17;1,97;0,97;-12,03;-8,03;-2,73;-1,83;-3,93;-2,03;-0,63;-0,43;0,67;2,67;2,77;1,87;1,17;2,37;-0,73;1,17;1,87;0,37;0,87;-0,03;4,67;2,77;1,47;2,57;-7,03
2019-01;0,85;0,55;4,45;1,25;3,25;2,25;1,85;-13,05;-8,05;-2,65;-1,75;-4,65;-2,25;-0,35;0,15;1,15;3,15;3,05;1,75;1,15;2,55;-0,35;1,45;1,65;0,75;-0,25;-0,05;3,25;2,95;1,65;2,85;-8,45
2019-02;0,99;0,59;4,89;1,19;3,49;1,99;1,99;-13,21;-8,11;-2,31;-1,61;-4,61;-2,31;-0,21;0,19;0,99;3,29;2,89;1,99;0,69;2,69;-0,31;1,59;1,69;0,89;-0,61;-0,81;2,99;2,79;1,69;2,89;-8,31
2019-03;0,86;0,66;4,36;0,96;2,96;1,76;1,66;-11,64;-8,24;-2,24;-1,24;-4,04;-2,04;-0,34;-0,14;0,76;3,06;2,76;1,86;0,76;2,66;-0,34;1,56;1,86;0,86;-0,54;-1,44;2,96;2,86;1,66;2,76;-7,44
2019-04;0,72;0,72;4,22;1,02;3,02;1,22;1,12;-11,88;-8,08;-1,98;-0,58;-4,08;-0,58;-0,28;0,22;0,62;2,92;2,62;1,72;1,22;2,82;-0,48;1,22;2,02;0,62;-1,88;-0,78;1,82;2,92;1,92;2,62;-6,58
2019-05;0,72;0,92;4,12;1,42;3,12;1,02;0,62;-10,78;-7,88;-1,88;0,12;-3,48;0,02;-0,18;0,12;0,72;2,82;2,52;1,82;1,42;2,92;-0,38;1,42;2,02;0,52;-2,88;-1,18;-0,48;2,72;2,02;2,32;-6,38
2019-06;0,68;0,98;4,18;1,48;2,88;1,18;0,28;-9,93;-7,93;-2,03;0,08;-3,33;-0,73;-0,43;-0,53;0,48;2,78;2,38;1,58;1,58;2,78;-0,43;1,28;1,58;0,18;-0,53;-1,43;2,48;2,18;1,78;2,08;-7,53
2019-07;0,50;1,20;3,80;1,30;2,90;1,80;0,40;-10,70;-7,80;-2,10;0,20;-3,40;-1,40;-0,20;0,10;0,30;2,60;2,30;1,80;1,40;2,90;-0,20;1,10;1,20;0,20;0,10;-1,00;3,30;2,10;1,50;2,00;-8,10
2019-08;0,63;1,43;3,93;1,03;2,83;2,03;0,63;-10,47;-7,97;-2,57;0,23;-2,17;-1,07;-0,07;-0,17;0,43;2,73;2,33;1,83;1,33;2,83;-0,27;1,43;1,13;0,23;-0,07;-0,97;1,33;2,23;1,33;2,03;-8,17
2019-09;0,61;1,31;3,81;0,61;2,91;1,61;1,21;-9,99;-7,99;-2,29;0,21;-3,89;0,11;0,11;-0,19;0,51;2,51;2,11;1,41;1,61;2,81;-0,69;0,91;1,31;0,01;-0,09;-0,29;2,51;2,01;1,41;2,01;-8,09
2019-10;0,54;0,94;3,74;0,74;2,84;1,74;1,34;-10,46;-8,06;-2,56;-0,46;-4,06;0,74;0,24;-0,06;0,34;2,44;2,24;1,34;1,14;2,94;-0,86;1,14;1,64;0,14;-0,36;-0,36;2,14;2,14;1,94;2,14;-7,46
2019-11;0,64;0,84;3,94;0,94;2,84;1,84;1,54;-11,36;-7,86;-2,46;-0,56;-3,96;-1,06;0,14;-0,46;0,34;2,74;2,34;1,44;1,94;3,04;-0,96;1,04;2,04;0,34;-0,06;-1,16;2,24;2,14;2,14;2,44;-6,96
2019-12;0,70;0,70;4,10;1,10;2,90;1,50;1,40;-10,80;-7,60;-2,40;-0,60;-3,80;-1,00;-0,50;-0,90;0,00;3,10;2,60;2,00;1,40;3,10;-1,10;0,90;2,00;0,40;0,00;-0,20;2,00;2,30;2,00;2,40;-7,60
2020-01;1,04;0,84;4,24;1,34;3,04;1,34;1,74;-10,66;-7,86;-2,36;-0,66;-4,16;-1,26;-0,96;-0,46;0,34;2,44;2,84;2,04;1,54;3,14;-0,86;1,74;1,84;0,34;-0,76;-1,36;2,24;2,64;1,94;2,44;-7,76
2020-02;1,29;0,99;4,49;1,19;2,69;1,29;1,79;-10,41;-7,71;-1,71;-0,51;-3,61;-0,91;-1,21;-0,61;0,29;2,89;3,09;2,19;0,89;3,19;-0,51;1,09;1,79;0,39;-0,51;-2,01;0,09;2,79;1,89;2,49;-7,11
2020-03;1,14;0,54;4,34;1,34;2,34;0,84;1,44;-10,06;-8,76;-1,26;-0,86;-1,36;-0,86;-1,66;-1,36;-0,46;2,64;2,54;1,94;0,84;3,14;-0,26;0,44;1,64;0,44;-1,06;-1,16;3,44;2,64;1,64;2,44;-6,76
2020-04;1,57;-0,53;4,57;1,87;2,87;0,37;1,97;-9,13;-8,63;-0,53;-1,13;0,27;-0,13;-1,83;-1,43;-0,73;2,67;2,27;2,07;0,57;3,57;0,27;0,37;1,47;0,27;-1,33;-1,83;-1,33;2,57;2,17;2,97;-6,13
2020-05;1,98;0,07;4,68;1,88;3,28;-0,13;1,78;-9,83;-8,13;0,57;-0,63;-0,93;0,47;-1,53;-1,53;-0,33;2,58;2,48;2,48;0,27;3,88;1,38;0,57;1,88;0,47;-3,83;-2,13;-4,53;2,48;2,58;3,28;-5,53
2020-06;1,60;0,80;4,50;1,20;3,10;-0,90;0,90;-10,20;-8,40;0,30;-0,40;-2,30;0,00;-1,50;-1,90;-0,10;2,10;2,30;1,80;-0,30;3,90;0,10;0,50;1,90;0,40;-0,60;-2,90;2,80;1,90;2,40;3,00;-5,90
2020-07;0,85;1,45;4,35;0,95;3,15;-0,25;-0,15;-8,25;-8,55;-0,95;-0,25;-3,25;-0,75;-1,25;-1,35;0,25;2,85;2,35;2,05;1,05;3,95;-0,25;0,85;2,15;0,15;-0,15;-1,75;1,05;2,05;2,15;2,75;-7,25
2020-08;0,48;1,68;4,58;0,98;3,28;-0,22;-0,32;-9,42;-9,02;-2,02;-0,32;-2,22;-1,32;-1,02;-1,92;0,78;3,58;2,38;2,18;1,38;3,98;-0,62;1,08;2,08;0,18;-0,42;-1,62;0,78;2,08;2,08;2,48;-5,62
2020-09;0,62;1,42;4,42;1,02;3,22;-0,58;0,12;-8,88;-9,18;-1,88;-0,48;-3,18;-0,78;-0,88;-2,68;0,82;2,62;2,42;1,82;1,22;3,92;-0,78;1,12;2,32;0,12;-0,28;-1,28;2,72;2,02;2,02;2,12;-5,18
2020-10;1,25;1,05;4,15;1,35;3,55;-0,65;1,25;-8,55;-9,05;-1,25;-1,15;-3,25;-0,65;-0,55;-1,55;0,95;3,15;2,65;1,95;1,55;4,15;-0,45;1,15;2,25;0,25;-0,15;-0,85;-1,45;2,15;2,45;0,00;-5,55
2020-11;1,28;0,88;4,28;1,28;3,28;-0,52;1,38;-9,42;-9,02;-1,12;-1,62;-1,92;-1,02;-0,72;-1,82;0,78;3,18;2,68;2,08;1,38;3,98;-0,22;0,78;2,08;0,18;0,08;-0,82;-0,02;2,28;2,28;0,00;-5,82
2020-12;1,16;0,96;4,16;1,16;3,56;0,16;1,26;-9,14;-8,74;-0,84;-1,74;-2,34;-1,04;-0,64;-2,24;0,46;3,16;2,96;2,56;0,66;3,96;0,16;0,76;1,86;0,26;-0,34;-1,34;0,36;2,56;2,06;0,00;-5,74
2021-01;1,05;1,25;4,25;1,45;3,55;0,25;1,05;-9,15;-8,45;-0,85;-1,75;-3,25;-0,85;-0,35;-0,35;0,95;2,65;3,55;2,75;-0,75;3,75;0,35;1,65;1,65;0,55;-1,15;-1,65;-0,95;2,85;1,85;0,00;-5,75
2021-02;0,77;1,27;4,27;1,17;3,37;0,47;0,37;-9,33;-8,53;-0,83;-1,83;-3,13;-1,23;-0,53;0,07;1,07;3,07;3,57;2,67;-0,63;3,47;0,37;1,37;1,77;0,47;-0,73;-2,13;1,47;2,77;1,67;0,00;-6,53
2021-03;0,73;1,23;4,03;1,63;3,43;0,73;-0,17;-10,17;-8,37;-0,67;-1,57;-2,97;-1,27;-0,67;0,53;1,13;3,43;3,73;2,73;0,13;3,33;0,63;1,33;2,23;0,43;-0,77;-2,57;-0,77;2,63;1,63;0,00;-5,67
2021-04;0,95;1,25;4,05;2,05;3,45;0,85;-0,35;-10,05;-8,25;-0,55;-1,05;-2,75;-0,65;-0,65;0,15;1,35;2,95;3,95;2,85;0,05;3,55;0,35;1,95;2,75;0,35;-2,25;-2,05;-3,45;2,45;2,15;0,00;-5,55
2021-05;1,05;1,35;4,05;2,35;3,35;0,15;-0,35;-8,55;-8,15;-0,55;-0,75;-2,55;-1,55;-0,75;-0,55;1,45;3,15;3,55;2,75;0,55;3,55;0,35;1,95;2,75;0,15;-3,25;-2,75;-1,35;2,05;2,05;0,00;-5,35
2021-06;0,58;1,38;3,88;2,08;3,08;-0,12;-0,32;-7,82;-8,42;-0,82;-0,52;-2,62;-2,22;-1,22;-0,92;1,28;2,58;3,08;2,38;0,78;3,28;0,18;1,78;2,38;-0,32;-1,02;-3,72;1,88;1,68;1,68;0,00;-3,82
2021-07;-0,11;1,59;3,69;1,79;3,19;0,09;-0,01;-7,11;-8,41;-1,31;-0,61;-2,41;-1,11;-1,21;-0,81;0,99;2,09;2,79;2,59;0,79;3,29;0,19;1,09;1,89;-0,51;-0,71;-1,61;2,29;1,99;1,29;0,00;-5,71
2021-08;-0,26;1,74;3,44;1,44;3,04;0,64;0,54;-6,96;-8,36;-1,96;-0,66;-2,36;-0,76;-0,86;-0,26;1,14;2,24;2,74;2,34;0,74;3,34;0,14;0,94;1,74;-0,46;-0,16;-2,16;1,24;2,24;1,14;0,00;-5,66
2021-09;-0,44;1,56;3,46;0,96;2,76;0,46;0,96;-6,34;-8,34;-1,84;-0,74;-3,04;0,56;-0,84;-0,34;0,86;2,66;2,46;1,76;1,36;2,96;-0,44;0,66;1,46;-0,64;-1,04;-2,24;3,16;2,26;0,96;0,00;-5,14
2021-10;-0,03;1,57;3,67;1,47;2,97;1,07;1,17;-7,13;-7,83;-1,63;-1,03;-3,63;0,87;-0,73;-0,73;1,17;2,07;2,77;2,07;0,57;3,27;-0,43;0,37;1,47;-0,33;0,07;-1,53;0,57;2,47;0,00;0,00;-4,63
2021-11;0,23;1,23;3,93;1,53;2,83;0,73;1,13;-7,87;-7,37;-1,67;-1,27;-2,87;-0,77;-1,17;-0,77;1,13;2,33;2,73;2,33;1,03;3,13;-0,47;0,13;1,43;-0,27;-0,07;-1,57;2,53;2,63;0,00;0,00;-4,97
2021-12;0,13;1,03;3,73;1,33;2,93;0,33;0,93;-7,37;-6,97;-1,67;-1,37;-2,97;-1,07;-1,67;-1,37;0,63;2,33;2,63;2,23;1,13;3,03;-0,17;-0,37;1,33;-0,47;-0,87;-1,47;1,43;2,63;0,00;0,00;0,00
2022-01;0,39;1,19;3,69;1,29;2,89;0,69;1,19;-8,21;-6,81;-1,41;-1,41;-2,81;-1,11;-1,51;-1,01;1,29;1,99;2,99;2,29;0,69;3,09;-0,11;0,29;1,49;-0,31;-1,41;-2,21;2,79;0,00;0,00;0,00;0,00
2022-02;0,00;0,00;0,00;0,00;0,00;0,00;0,90;0,00;0,00;0,00;0,00;0,00;0,00;0,00;0,00;0,00;0,00;0,00;2,10;0,00;0,00;0,00;0,00;0,00;0,00;-0,90;-2,10;0,00;0,00;0,00;0,00;0,00
