,Nombre,origen,1987,1988,1989,1990,1991,1992,1993,1994,1995,1996,1997,1998,1999,2000,2001,2002,2003,2004,2005,2006,2007,2008,2009,2010,2011,2012,2013,2014,2015,2016,2017,2018,2019,2020
0,ABBY,HEBREO,0,0,0,0,0,0,0,0,0,0,0,0,0,0,0,0,0,0,0,0,0,0,0,0,3,0,0,1,2,1,4,2,3,9
1,ABIGAIL,HEBREO,6,7,5,7,9,5,3,2,1,3,2,4,2,7,7,7,4,5,13,8,11,17,18,17,17,13,21,19,13,17,20,24,17,19
2,ABRAR,ÁRABE,0,0,0,0,0,0,0,0,0,0,0,0,0,0,0,0,0,0,0,0,0,2,1,1,2,1,1,1,4,3,3,6,2,6
3,ABRIL,LATINO,1,0,0,0,1,0,1,0,1,1,7,5,7,6,9,9,25,34,30,38,37,39,49,48,73,61,52,66,92,82,124,136,73,161
4,ADA,HEBREO,2,1,1,2,3,2,1,3,7,6,4,2,4,4,5,10,8,8,14,14,15,20,16,23,14,14,19,25,28,24,11,18,14,21
5,ADARA,ÁRABE,0,1,0,0,3,2,1,0,1,2,0,1,1,1,0,0,2,1,3,1,3,3,3,9,10,3,3,3,4,6,34,36,10,37
6,ADARAY,,0,0,0,0,0,0,0,0,0,0,0,0,0,0,1,0,0,0,1,0,2,1,1,0,1,3,2,4,2,5,3,5,1,5
7,ADELA,ALEMÁN,8,15,10,8,9,10,12,17,7,13,12,12,8,12,15,13,5,10,13,15,14,18,11,14,15,19,14,9,12,15,17,14,15,15
8,ADHARA,ÁRABE,0,0,0,0,0,1,0,0,2,0,0,0,1,0,0,0,1,0,1,1,0,2,2,0,1,1,0,4,1,5,11,9,1,8
9,ADRIANA,LATINO,42,56,54,63,71,90,62,72,54,48,60,56,79,91,104,157,151,201,219,241,306,279,423,430,454,383,327,350,304,277,291,228,454,184
10,AFNAN,ÁRABE,0,0,0,0,0,0,0,0,0,0,0,0,0,0,0,0,0,0,0,0,0,2,0,2,1,3,8,6,2,1,3,6,1,6
11,AFRICA,LATINO,19,6,12,12,7,10,8,13,17,11,17,18,16,12,14,20,24,33,51,57,79,72,65,80,87,66,80,70,63,69,81,72,87,90
12,AGATA,GRIEGO,2,1,4,8,4,2,2,2,3,5,1,5,1,2,3,6,5,5,1,2,11,5,4,10,3,7,2,3,7,3,3,3,3,5
13,AGATHA,GRIEGO,0,1,0,0,1,1,0,1,1,2,0,2,0,0,7,3,8,9,4,5,6,3,7,7,9,7,5,7,6,5,5,4,9,10
14,AINARA,VASCO,13,13,11,14,16,14,11,12,12,11,20,18,18,32,40,45,67,82,81,165,137,188,187,192,219,200,229,189,183,171,143,114,219,94
15,AINHARA,VASCO,0,0,0,0,0,0,0,0,0,0,2,0,1,0,0,3,5,11,8,10,12,15,8,10,20,23,17,17,24,24,19,12,20,17
16,AINHOA,VASCO,70,92,88,90,109,105,78,95,115,107,97,116,156,170,174,254,318,265,253,272,255,263,285,275,262,289,285,215,166,163,133,110,262,77
17,AISHA,ÁRABE,0,0,0,1,0,0,0,1,0,1,1,0,0,1,3,1,5,5,11,6,12,10,7,9,9,12,12,17,16,17,11,21,9,19
18,AITANA,VASCO,5,8,11,15,24,6,9,13,20,28,30,52,69,80,99,132,127,174,279,305,320,376,387,414,380,336,257,238,227,226,176,217,380,196
20,AKANE,,0,0,0,0,0,0,0,0,0,0,0,0,0,0,0,0,0,0,0,0,0,1,0,1,1,3,0,1,3,2,2,2,1,5
21,ALAA,ÁRABE,1,0,0,0,0,0,0,0,0,0,0,0,0,0,0,1,0,0,2,2,4,2,6,3,5,6,6,3,4,2,6,8,5,6
22,ALAIA,VASCO,0,0,0,0,0,0,2,0,1,1,0,0,0,0,0,0,4,5,3,1,3,3,1,2,7,4,4,10,5,15,26,42,7,40
23,ALANA,GERMANO,1,0,1,0,2,1,0,0,0,1,1,0,0,2,1,1,1,1,1,1,1,0,2,3,4,2,2,3,3,4,10,14,4,14
24,ALAZNE,VASCO,0,0,1,0,1,0,0,0,0,0,0,0,0,0,0,0,1,2,0,1,2,2,1,0,1,2,2,1,3,4,3,6,1,6
25,ALBA,LATINO,258,347,343,381,471,427,409,421,541,583,480,470,559,678,648,761,768,705,679,615,611,605,547,547,603,555,512,523,543,560,492,419,603,322
27,ALDARA,GERMANO,3,1,3,3,3,4,1,3,4,1,2,3,6,3,4,4,1,3,3,10,6,5,9,2,8,16,16,9,5,6,6,4,8,6
28,ALEGRIA,ESPAÑOL,1,1,1,0,2,1,0,1,0,0,1,0,0,1,2,1,4,4,2,2,4,0,6,4,3,0,2,4,6,5,7,2,3,5
29,ALEJANDRA,GRIEGO,133,144,118,138,101,138,148,136,107,128,152,142,169,231,276,340,402,414,392,414,439,443,416,388,414,373,338,351,322,321,307,264,414,247
31,ALESSANDRA,ITALIANO,1,0,0,1,0,3,1,2,3,3,1,4,1,7,5,4,4,10,5,9,5,5,5,11,6,8,7,7,10,7,4,6,6,5
32,ALESSIA,GRIEGO,1,0,1,0,0,0,0,0,2,0,0,0,0,1,3,1,0,0,2,2,2,4,4,2,5,8,8,1,7,6,8,9,5,6
34,ALEX,GRIEGO,0,0,0,0,0,0,0,0,0,0,1,0,1,0,0,0,0,0,0,0,0,0,1,1,1,2,2,1,2,4,7,2,1,5
35,ALEXANDRA,GRIEGO,364,310,41,33,28,31,20,16,12,25,15,16,13,22,35,44,38,48,38,60,66,69,47,52,65,51,48,51,49,32,38,35,65,30
36,ALEXIA,GRIEGO,6,6,4,6,1,2,2,2,2,4,4,8,10,14,19,29,38,30,33,41,41,54,43,43,55,62,44,48,54,59,44,37,55,18
37,ALIA,HEBREO,3,1,1,2,1,1,1,0,0,0,0,3,0,0,2,2,1,0,5,3,1,4,2,5,3,7,6,9,9,5,6,7,3,7
38,ALICE,GERMANO,0,0,0,0,1,1,0,0,0,1,1,0,0,1,0,0,1,0,2,3,1,5,3,3,5,3,5,6,2,11,9,11,5,11
39,ALICIA,GERMANO,214,192,213,190,200,207,182,206,191,240,240,219,256,268,282,258,244,244,266,238,216,240,259,252,281,259,228,236,243,237,216,198,281,182
40,ALLEGRA,LATINO,0,0,0,0,0,0,0,0,0,0,0,0,0,0,0,2,2,0,1,1,0,3,2,3,1,5,3,3,4,4,1,8,1,7
41,ALMA,LATINO,2,4,10,9,11,8,8,6,9,6,9,10,6,12,14,33,14,23,25,32,33,56,59,74,91,116,104,131,207,214,258,236,91,220
42,ALMAS,AFRICANO,0,0,0,0,0,0,0,0,0,0,0,0,0,0,0,0,0,0,0,0,0,0,1,0,0,0,0,0,0,0,0,2,0,7
43,ALMUDENA,ÁRABE,150,130,123,118,125,102,117,146,132,129,119,94,92,80,92,71,84,78,75,71,94,90,70,52,73,69,44,36,32,39,46,36,73,42
44,ALTEA,GRIEGO,0,1,1,1,2,6,4,2,0,0,0,1,0,2,1,1,1,1,1,1,2,0,0,0,3,4,2,1,2,0,2,1,3,6
45,AMAIA,VASCO,1,4,4,7,1,6,4,2,0,4,6,8,5,6,8,8,11,8,15,13,25,20,47,50,33,36,32,40,38,57,53,70,33,57
46,AMAL,ÁRABE,0,1,1,2,1,0,3,3,1,5,6,4,7,5,7,8,9,12,9,8,6,10,14,15,12,8,5,9,10,12,6,9,12,6
47,AMALIA,GRIEGO,6,9,12,7,8,6,6,11,7,3,9,8,12,8,9,10,19,14,11,20,20,31,25,17,19,10,9,17,10,21,16,17,19,8
48,AMANDA,LATINO,46,48,65,40,43,53,60,72,60,54,52,53,53,52,45,38,55,45,42,40,47,63,61,56,41,37,49,34,32,26,28,23,41,23
49,AMARA,MAURITANIA,5,0,1,3,3,1,2,2,2,8,7,8,14,6,5,6,8,11,9,11,9,9,12,12,8,6,3,4,5,5,6,7,8,9
50,AMAYA,VASCO,11,7,13,7,13,8,8,6,2,7,8,8,15,15,9,9,18,11,28,26,32,32,48,40,40,35,27,23,22,27,41,25,40,21
51,AMELIA,GERMANO,10,4,6,5,7,0,2,8,6,7,6,4,9,5,6,11,8,5,13,15,17,22,25,29,23,38,28,27,35,22,41,44,23,46
52,AMELIE,VASCO,0,0,0,0,0,0,0,0,0,0,0,0,0,0,0,2,1,2,4,4,3,5,1,4,1,7,8,6,5,2,4,7,1,8
53,AMINA,ÁRABE,0,0,0,0,0,0,3,0,2,2,1,0,3,2,9,15,11,6,8,13,13,17,18,22,13,12,17,21,17,19,13,14,13,8
54,AMIRA,ÁRABE,0,0,0,0,2,0,1,0,3,1,1,1,1,0,0,4,4,14,7,9,7,17,20,32,25,28,22,42,32,47,68,57,25,63
55,ANA,HEBREO,428,377,492,499,516,495,514,483,517,470,512,500,495,517,509,530,479,407,372,337,373,380,352,331,320,323,257,256,267,270,246,266,320,198
61,ANAIS,GRIEGO,4,8,4,4,13,13,16,13,5,4,12,7,5,5,5,6,12,11,9,13,12,10,14,11,8,22,11,19,19,23,29,15,8,10
62,ANASTASIA,GRIEGO,0,0,1,0,1,2,0,3,0,1,1,0,0,1,4,2,11,13,14,17,14,11,13,9,17,9,20,13,8,8,7,6,17,18
63,ANDREA,GRIEGO,152,133,166,186,224,375,459,466,533,716,810,774,889,973,827,674,613,613,462,410,383,332,288,192,168,165,143,141,100,116,102,76,168,68
64,ANE,HEBREO,0,0,0,1,0,0,0,1,2,1,2,2,2,5,3,2,4,3,7,6,6,7,9,7,13,10,12,16,11,11,13,15,13,16
65,ANGELA,GRIEGO,108,86,92,82,88,117,113,125,114,113,124,117,148,164,189,212,207,194,236,219,209,190,194,176,143,154,151,146,124,113,92,93,143,66
66,ANGELICA,GRIEGO,9,10,4,7,10,6,6,5,7,8,4,10,5,6,10,9,3,9,13,12,11,13,7,11,8,9,3,2,8,3,4,2,8,5
67,ANNA,HEBREO,0,2,4,5,2,0,3,3,2,6,1,3,10,6,14,3,10,15,11,13,22,19,14,21,17,19,18,19,21,26,29,20,17,12
69,ANNE,HEBREO,0,0,0,0,0,0,0,0,0,0,0,1,1,0,1,3,1,3,4,4,2,9,8,6,2,5,6,3,6,1,9,10,2,7
70,ANTIA,GRIEGO,0,0,0,0,0,1,0,1,2,1,6,3,4,5,3,6,7,7,5,5,8,9,7,14,11,11,19,15,13,19,22,12,11,21
71,ANTONELLA,LATINO,0,0,0,0,0,0,0,1,1,0,0,1,0,2,3,2,2,0,2,4,9,1,4,8,5,11,14,8,11,16,29,32,5,32
72,ARABIA,LATINO,0,0,0,0,0,1,1,2,2,0,0,1,0,0,1,0,0,1,0,0,2,3,4,2,5,4,5,9,5,14,30,30,5,20
73,ARANTXA,VASCO,12,12,34,22,28,21,28,23,23,20,14,15,21,21,20,25,21,29,31,33,23,19,20,14,17,15,7,14,2,12,4,6,17,6
74,ARIA,GRIEGO,0,0,0,0,0,1,0,0,0,0,0,0,0,0,0,0,0,1,1,0,0,0,0,0,1,4,7,13,14,13,17,27,1,33
75,ARIADNA,GRIEGO,9,5,8,9,6,8,14,24,29,28,26,37,28,43,46,64,60,78,99,140,154,164,213,227,212,203,228,207,225,194,193,184,212,144
76,ARIADNE,GRIEGO,1,0,0,0,0,0,0,0,0,0,0,0,1,0,0,1,1,2,7,12,11,22,20,23,16,17,21,19,18,14,11,14,16,10
77,ARIANA,GRIEGO,6,3,9,3,3,8,6,5,3,5,9,9,8,2,7,11,5,8,10,13,22,31,26,17,23,22,19,22,19,35,31,34,23,23
78,ARIANNA,GRIEGO,0,0,0,1,0,0,1,2,1,0,1,1,2,3,5,2,3,6,6,6,2,5,8,11,9,7,3,7,9,10,13,11,9,10
79,AROA,GERMANO,84,71,99,60,45,68,59,42,40,38,43,53,58,62,52,61,72,87,84,67,73,108,95,107,120,99,93,71,49,64,54,45,120,42
80,ARWA,ÁRABE,0,0,0,0,0,0,0,0,0,0,0,0,0,0,1,3,0,1,1,1,2,1,4,5,12,5,10,13,11,13,6,15,12,8
81,ARYA,SÁNSCRITO,0,0,0,0,0,0,0,0,0,0,0,0,0,0,0,0,0,0,0,0,0,0,0,1,1,5,11,9,11,16,19,32,1,31
82,ASHLEY,INGLÉS,0,1,0,0,0,0,0,2,1,1,0,3,1,2,5,3,2,4,12,13,11,12,8,17,4,14,19,16,20,11,11,10,4,13
83,ASIA,ASIRIO,1,0,0,1,0,0,0,1,1,0,1,4,0,2,3,4,3,1,4,3,8,3,3,1,7,1,6,3,7,7,5,6,7,9
84,ASTRID,GERMANO,2,2,2,2,1,4,1,0,0,0,2,2,0,0,0,2,2,1,2,4,7,6,12,5,5,8,5,9,7,10,13,15,5,17
85,ATENEA,GRIEGO,2,0,3,4,1,0,0,4,1,1,2,0,4,2,1,0,3,3,5,5,4,2,3,4,8,10,11,14,10,13,17,17,8,14
86,AURA,LATINO,2,2,2,2,0,0,1,0,1,0,0,1,3,2,1,1,0,0,1,2,3,2,1,2,3,1,6,7,6,9,11,8,3,21
87,AURORA,LATINO,31,23,25,27,25,29,11,21,30,19,24,20,27,24,25,28,27,23,30,24,20,25,16,30,24,32,41,31,38,32,39,50,24,42
88,AVA,HEBREO,0,0,0,0,0,0,0,1,0,0,0,0,0,0,0,0,0,0,0,0,0,1,2,0,0,1,2,2,2,2,2,4,0,5
89,AVRIL,LATINO,0,0,0,0,0,0,0,0,0,0,0,0,0,0,0,0,2,4,5,5,3,6,6,10,6,9,7,9,9,12,11,14,6,15
90,AYA,HEBREO,0,0,0,1,0,0,0,1,0,0,1,2,4,5,9,15,19,43,49,54,60,66,80,75,46,56,56,40,34,41,32,29,46,28
91,AYLA,TURCO,0,0,0,0,1,1,2,3,2,2,0,3,1,2,3,3,2,2,4,5,3,7,3,7,5,8,9,3,7,10,8,9,5,16
92,AYLEN,MAPUCHE,0,0,0,0,0,0,0,0,0,0,0,0,0,0,2,0,1,2,0,0,2,1,2,1,2,1,1,1,0,5,10,20,2,6
93,AZAHARA,ÁRABE,24,37,24,36,27,18,14,17,12,12,7,14,10,13,19,14,13,11,13,20,14,20,19,17,22,25,16,23,53,28,36,28,22,22
94,BARBARA,GRIEGO,107,89,99,107,103,126,106,88,79,69,42,46,52,53,42,41,44,30,33,25,29,30,21,21,20,16,19,17,14,16,9,13,20,5
95,BASMA,ÁRABE,1,0,0,0,0,0,0,1,0,0,0,0,0,1,3,3,3,11,4,9,8,8,12,20,12,14,5,8,7,13,15,18,12,8
96,BAYAN,ÁRABE,0,0,0,0,0,0,0,1,0,0,0,0,0,0,0,0,0,0,1,0,0,0,0,2,2,2,3,2,6,4,3,2,2,5
97,BEATRIZ,LATINO,526,544,582,571,487,522,435,421,426,366,342,306,293,281,252,227,233,226,182,167,126,130,124,118,86,81,69,80,67,44,52,42,86,35
98,BELEN,ARAMEO,137,131,111,127,129,139,140,142,192,186,189,173,141,126,106,78,84,75,76,64,81,79,68,48,42,42,38,27,20,29,21,24,42,20
99,BERTA,GERMANO,19,16,21,23,19,20,19,14,18,15,18,26,24,24,30,36,34,28,39,39,43,52,63,38,48,48,41,44,28,32,35,26,48,23
100,BIANCA,ITALIANO,2,0,1,1,2,2,1,6,1,0,4,3,2,3,1,7,6,8,17,12,11,12,9,14,6,15,13,15,11,12,17,16,6,27
101,BLANCA,GERMÀNICO,74,98,82,103,100,115,107,101,118,113,154,175,170,154,150,151,155,200,165,182,210,210,210,197,193,193,156,183,184,170,129,146,193,135
102,BRIANA,GAÉLICO,0,0,0,0,0,0,0,0,0,0,1,0,1,0,0,1,1,0,0,1,0,0,2,1,2,2,3,5,3,4,5,3,2,8
103,BRUNA,GERMANO,0,0,0,0,0,0,1,0,0,1,0,0,0,0,0,1,0,3,1,1,1,1,1,1,0,1,3,2,4,3,0,0,0,5
104,CAMELIA,LATINO,0,1,0,1,0,0,2,0,1,1,2,0,0,2,0,0,2,4,0,4,2,5,4,3,3,4,1,0,2,2,2,0,3,7
105,CAMILA,LATINO,2,0,3,2,2,4,5,1,8,5,0,2,5,6,8,13,26,9,15,17,25,34,26,35,29,28,24,32,35,35,36,41,29,50
106,CAMINO,ESPAÑOL,1,0,0,3,2,1,3,3,3,1,2,2,3,1,3,1,3,4,9,5,6,7,4,7,8,2,9,2,7,3,8,6,8,8
107,CANDELA,LATINO,3,8,6,6,13,12,10,6,14,23,41,39,55,55,65,79,147,199,234,274,306,268,262,260,300,281,219,242,221,229,203,193,300,183
108,CARLA,GERMANO,41,52,60,67,60,65,77,77,89,85,88,102,127,138,198,196,281,333,489,461,511,639,627,578,609,490,514,460,441,452,366,306,609,262
110,CARLOTA,GERMANO,30,42,26,48,56,42,60,80,70,57,95,118,125,164,209,213,250,223,229,258,285,332,312,278,305,285,276,245,273,257,213,208,305,214
111,CARMELA,HEBREO,4,3,3,2,3,2,1,3,1,1,0,3,2,7,2,3,5,9,8,8,5,8,5,7,7,9,5,8,7,7,9,8,7,12
112,CARMEN,HEBREO,111,129,135,130,123,127,146,127,158,178,225,241,237,259,282,241,264,266,311,297,333,305,306,318,342,346,275,319,296,362,303,299,342,252
113,CAROLA,GERMANO,6,2,0,2,0,2,2,2,2,0,0,1,2,4,2,1,2,5,2,5,2,4,3,4,2,1,4,3,2,3,5,0,2,5
114,CAROLINA,GERMANO,162,141,131,132,170,178,178,214,151,162,155,142,98,114,155,176,194,201,211,182,183,198,175,180,181,140,129,120,88,94,78,82,181,51
115,CASILDA,LATINO,2,2,3,1,6,5,2,4,3,5,6,5,9,7,15,6,6,11,13,13,16,9,26,16,12,12,23,16,11,33,21,16,12,32
116,CATALEYA,,0,0,0,0,0,0,0,0,0,0,0,0,0,0,0,0,0,0,0,0,0,0,0,0,0,1,0,5,5,5,4,11,0,14
117,CATALINA,GRIEGO,1,4,8,5,4,12,10,6,7,4,5,4,10,9,14,14,18,13,26,21,20,34,41,43,44,38,54,49,51,71,52,49,44,63
118,CAYETANA,LATINO,5,7,4,4,5,4,6,4,2,5,0,3,4,3,5,12,11,9,35,31,58,96,70,79,78,69,59,64,71,90,95,89,78,79
119,CECILIA,LATINO,18,22,24,20,20,34,21,28,18,26,37,24,33,33,30,44,30,33,35,30,39,46,52,47,34,43,34,27,21,22,24,25,34,21
120,CELESTE,LATINO,0,2,0,2,0,2,3,1,1,2,4,5,4,3,7,4,5,3,5,7,5,8,9,5,7,5,3,3,3,8,6,8,7,7
121,CELIA,LATINO,67,73,76,64,92,79,157,144,162,157,173,161,185,184,186,192,225,228,177,225,219,265,225,203,199,189,152,155,149,135,111,107,199,92
122,CHARLOTTE,FRANCÉS,1,0,1,0,0,2,2,1,0,0,0,0,1,2,1,0,0,2,2,3,4,1,2,4,4,5,3,8,10,15,12,12,4,12
123,CHIARA,ITALIANO,0,1,0,2,0,1,0,4,0,0,3,2,0,2,3,3,4,9,2,8,6,5,3,6,3,7,3,7,7,10,6,14,3,22
124,CHLOE,GRIEGO,0,0,0,0,0,1,0,0,0,0,1,0,2,4,3,5,5,10,11,19,28,42,40,48,66,75,72,112,113,170,195,209,66,211
125,CIARA,GAÉLICO,0,1,0,0,0,0,0,0,0,0,0,0,0,0,0,0,0,0,0,1,1,0,4,1,1,2,3,4,1,0,5,3,1,5
126,CLARA,LATINO,74,83,89,106,118,120,127,135,127,142,155,143,157,143,182,156,179,204,160,188,176,176,189,160,181,189,150,167,155,200,172,160,181,145
127,CLAUDIA,ROMANO,32,49,45,81,57,94,142,176,179,194,193,256,276,352,500,501,613,609,687,792,722,668,616,586,501,468,428,370,387,355,298,321,501,219
128,CLOE,GRIEGO,0,0,0,0,1,0,1,0,0,2,2,1,0,1,2,1,3,5,5,10,8,30,27,18,39,24,42,37,46,44,65,52,39,53
129,CONSTANZA,LATINO,1,1,2,2,1,5,3,0,2,1,3,3,3,3,2,1,2,4,4,11,6,5,1,6,7,7,7,7,8,1,7,3,7,5
130,CORA,GRIEGO,4,6,4,3,5,2,3,3,1,3,0,4,2,1,0,1,2,1,2,4,2,2,3,1,8,7,4,9,5,5,7,7,8,7
131,CORAIMA,,0,0,0,0,0,0,0,2,2,1,2,2,1,0,0,1,4,1,1,1,4,0,0,1,2,0,6,6,7,9,1,7,2,9
132,CORAL,LATINO,25,27,29,54,46,43,37,37,31,34,30,16,26,26,20,14,23,26,20,31,24,34,24,22,19,16,21,23,25,21,22,25,19,14
133,COVADONGA,LATINO,12,9,6,10,8,7,9,11,5,14,12,14,13,13,11,13,13,22,12,23,20,20,24,16,19,17,22,14,18,21,16,21,19,33
134,CRISTINA,GRIEGO,909,861,894,877,838,835,885,837,654,710,582,553,530,509,536,465,456,412,354,329,289,299,235,203,197,188,132,126,97,107,85,77,197,57
135,DAFNE,GRIEGO,0,5,2,1,3,1,2,8,2,1,2,1,3,1,2,5,5,11,14,16,14,14,10,11,28,13,18,17,23,20,24,27,28,29
136,DALIA,GRIEGO,0,4,2,0,1,3,1,3,1,1,1,3,3,2,1,2,4,4,7,4,6,6,4,6,4,10,2,4,11,10,11,8,4,9
137,DAMARIS,GRIEGO,7,5,2,7,7,9,6,4,8,4,4,4,4,5,7,4,7,5,3,6,11,6,10,12,9,12,13,18,18,16,9,8,9,9
138,DANA,HEBREO,0,0,2,2,0,1,5,4,4,0,4,7,5,7,4,6,4,6,7,8,9,8,10,11,2,7,5,7,12,8,10,12,2,7
139,DANAE,GRIEGO,3,2,2,4,3,4,4,3,4,1,3,2,2,8,3,3,1,2,0,3,1,1,2,4,1,8,3,10,8,6,10,11,1,10
140,DANIA,HEBREO,0,0,1,0,1,1,1,1,0,2,0,2,4,0,2,1,4,0,1,4,3,5,2,2,1,7,5,2,5,4,5,4,1,9
141,DANIELA,HEBREO,3,7,9,10,10,10,15,6,10,14,9,19,32,61,53,113,178,226,331,420,481,556,738,753,726,736,663,618,530,518,465,387,726,356
142,DANIELLA,HEBREO,1,0,1,0,1,0,0,0,0,1,0,1,1,1,0,3,1,5,13,9,11,19,32,37,44,50,42,50,57,37,24,28,44,13
143,DANNA,HEBREO,0,0,0,1,0,0,0,0,0,0,0,0,0,0,0,1,2,0,4,3,4,5,3,11,13,5,10,3,5,4,6,10,13,6
145,DARA,HEBREO,0,1,0,1,0,0,1,3,1,0,1,0,1,1,0,4,0,0,0,3,1,6,3,3,1,2,6,1,2,1,8,9,1,10
147,DEVA,BUDISTA,1,1,0,1,2,0,1,1,0,0,0,0,0,0,1,0,0,1,1,0,8,1,4,3,3,1,3,2,5,5,5,6,3,12
148,DIANA,LATINO,102,87,99,104,80,96,92,65,60,62,63,47,52,64,54,74,91,91,146,110,107,102,92,96,94,90,73,73,75,69,85,89,94,52
149,DINA,HEBREO,4,2,3,1,1,3,2,3,2,2,1,5,4,5,4,8,8,10,11,16,15,15,24,21,27,34,22,18,19,16,15,20,27,12
150,DUNIA,ÁRABE,0,1,2,1,1,2,2,3,3,2,6,2,2,5,4,9,10,5,10,4,7,14,9,13,9,9,7,10,4,3,8,10,9,6
151,EDURNE,VASCO,11,8,9,12,4,7,7,2,8,6,3,5,5,10,2,7,12,13,13,54,40,45,55,60,43,33,27,32,27,14,24,17,43,15
152,EIRA,ESCANDINAVO,0,0,0,0,0,0,1,0,0,0,0,0,0,0,1,1,3,0,0,0,1,1,1,0,2,0,0,2,2,0,4,2,2,8
153,EIRE,RECIENTE,0,1,0,0,0,0,1,1,1,0,0,3,0,1,1,2,2,0,2,3,3,1,9,5,7,9,7,6,8,5,3,6,7,11
154,ELAIA,VASCO,0,0,0,0,0,0,0,0,0,0,0,0,1,0,0,0,1,0,0,1,0,1,1,0,1,0,2,1,1,2,3,11,1,19
155,ELENA,GRIEGO,405,454,424,444,429,422,383,363,399,394,416,346,380,422,364,413,345,324,341,378,358,357,305,341,335,329,264,281,233,211,220,213,335,151
156,ELIA,HEBREO,11,10,5,11,10,10,9,4,7,7,7,4,4,8,12,6,9,11,13,12,17,26,28,15,23,23,37,39,47,53,30,34,23,33
157,ELISA,HEBREO,52,42,47,34,41,56,57,38,44,58,58,66,49,59,58,59,70,63,74,70,64,80,60,76,72,77,75,73,71,82,68,76,72,67
158,ELISABETH,HEBREO,7,7,7,5,9,7,9,10,13,16,15,10,8,13,8,8,21,12,13,19,14,11,13,20,12,20,10,9,7,11,15,10,12,9
159,ELIZABETH,HEBREO,66,52,47,48,38,61,73,38,29,22,21,11,17,14,16,21,24,18,16,16,20,27,19,22,19,19,21,11,20,14,15,10,19,10
160,ELSA,COMPUESTO,12,9,11,13,20,11,14,16,11,16,21,20,19,22,34,45,53,67,76,75,94,95,89,96,109,99,95,125,190,121,105,90,109,55
161,ELVIRA,VISIGODO,17,19,15,22,7,15,17,15,16,20,11,21,16,22,29,18,28,13,25,16,21,22,13,20,19,15,23,8,13,14,12,14,19,10
162,EMILIA,LATINO,5,3,5,3,4,2,4,9,4,0,3,1,6,4,7,6,6,2,5,6,15,6,4,4,9,9,9,17,16,13,16,20,9,19
163,EMILY,LATINO,0,0,0,0,0,0,0,1,0,2,1,3,0,3,3,3,2,6,6,5,8,6,11,12,8,21,13,18,8,16,13,12,8,10
164,EMMA,GERMANO,18,9,7,13,10,11,13,8,15,14,21,34,31,52,45,53,56,73,77,112,144,160,188,192,251,300,375,400,448,442,429,473,251,404
165,ENARA,VASCO,1,0,0,2,0,0,1,0,0,0,0,1,0,0,0,0,0,2,3,2,7,3,8,6,7,4,6,7,8,9,9,5,7,7
166,ERIKA,GERMANO,15,11,12,10,19,33,18,16,19,13,11,15,26,52,38,46,55,73,92,89,110,111,102,68,97,81,65,32,55,39,38,37,97,19
167,ESMERALDA,LATINO,21,21,26,23,20,20,21,12,12,16,17,28,10,12,11,11,10,13,6,12,17,16,9,7,6,9,5,4,9,7,6,4,6,7
168,ESTEFANIA,GRIEGO,164,179,182,189,265,202,163,130,112,86,54,44,48,52,44,41,49,29,33,34,32,26,22,21,11,15,12,13,9,7,9,4,11,10
169,ESTELA,LATINO,45,44,51,43,29,18,28,20,13,17,30,27,24,28,34,36,30,29,45,36,43,59,50,40,32,30,11,18,20,14,13,16,32,10
170,ESTHER,HEBREO,199,155,199,194,169,153,136,123,131,160,146,130,143,124,148,118,110,100,88,110,99,82,74,72,66,50,53,44,32,28,28,30,66,21
171,ESTRELLA,LATINO,15,19,15,21,13,14,17,11,9,10,13,10,15,21,11,18,23,17,25,30,21,26,28,17,24,20,23,20,30,15,15,19,24,8
172,EUGENIA,GRIEGO,5,3,3,1,2,5,4,5,6,2,5,1,7,11,11,8,14,13,12,15,19,17,16,13,14,22,11,18,16,17,12,7,14,16
173,EVA,HEBREO,161,164,156,151,151,172,157,131,166,176,190,174,170,173,213,209,209,223,233,198,216,219,201,201,213,246,188,207,180,185,188,169,213,126
175,EVELYN,HEBREO,1,0,2,1,2,0,4,1,4,1,2,4,3,4,8,9,14,8,4,3,12,12,12,9,9,10,10,6,4,7,10,6,9,7
176,EYRA,,0,0,0,0,0,0,0,0,0,0,0,0,0,0,0,0,1,0,0,0,0,0,0,0,0,0,0,1,3,1,2,5,0,5
177,FABIOLA,LATINO,3,2,2,5,6,6,5,4,8,7,4,5,3,5,5,6,11,6,7,14,11,21,12,14,16,11,13,9,13,15,10,9,16,7
178,FATIMA,ÁRABE,55,50,40,45,63,39,44,47,44,47,43,46,53,53,55,55,58,62,59,53,64,66,70,44,49,36,36,46,35,41,51,45,49,32
179,FEDERICA,GERMANO,0,0,0,0,0,0,0,0,0,0,0,0,0,0,0,0,1,1,0,0,1,3,0,1,1,1,2,1,3,2,2,4,1,8
180,FERNANDA,GERMANO,0,0,1,0,1,0,0,1,1,0,2,0,4,3,1,0,1,2,4,5,5,5,5,4,2,3,6,4,3,5,3,7,2,9
181,FIORELLA,ITALIANO,0,0,0,0,0,0,1,1,1,0,0,0,0,0,1,1,1,2,2,1,3,2,2,2,3,2,0,2,5,5,6,4,3,7
182,FRANCESCA,LATINO,0,0,0,2,0,0,0,0,0,1,2,0,0,0,2,2,1,3,2,4,3,2,4,3,4,0,3,3,2,3,3,3,4,5
183,GABRIELA,HEBREO,7,12,13,15,16,15,16,21,15,24,23,24,32,48,54,83,96,132,147,151,157,168,176,171,157,162,137,125,136,138,112,103,157,124
184,GADEA,ESPAÑOL,1,1,2,2,2,2,2,4,5,5,2,6,9,5,11,10,8,12,8,17,14,12,22,19,25,24,20,25,33,19,19,18,25,21
185,GAIA,LATINO,0,0,0,0,0,0,0,0,0,0,0,0,0,0,1,0,0,0,0,0,0,0,0,2,2,1,2,2,3,7,7,6,2,7
186,GALA,LATINO,1,4,5,2,0,1,3,3,3,2,3,6,5,1,9,2,10,11,6,8,14,12,10,13,19,14,25,22,30,40,56,51,19,67
187,GEMMA,LATINO,184,157,129,145,127,118,132,116,121,119,140,117,118,108,130,101,82,87,93,63,58,56,45,52,40,35,22,22,30,29,21,19,40,18
188,GEORGINA,GRIEGO,2,3,1,1,0,3,0,1,1,0,1,1,1,3,2,0,1,0,2,2,1,3,0,1,1,1,0,1,0,3,2,0,1,6
189,GIANNA,HEBREO,0,0,0,0,0,0,0,0,0,0,0,0,0,0,0,0,0,0,0,0,0,0,0,0,1,0,0,0,1,1,2,1,1,8
190,GINEBRA,GALÉS,0,0,0,0,1,0,0,0,0,2,0,0,0,0,4,2,0,2,6,1,3,3,4,4,2,2,8,5,6,6,9,7,2,8
191,GINEVRA,CELTA,0,0,0,0,0,0,0,0,0,0,0,0,1,0,0,0,1,0,0,1,0,0,0,0,0,0,1,0,0,2,3,4,0,5
192,GIULIA,LATINO,0,0,0,0,1,2,0,0,1,0,2,0,0,1,2,0,1,2,1,5,6,5,6,7,4,13,8,7,9,12,19,9,4,14
193,GLORIA,LATINO,49,24,45,15,19,25,43,29,30,26,30,30,24,30,24,24,16,20,22,31,20,16,16,14,20,14,6,10,19,6,10,13,20,10
194,GRETA,GRIEGO,1,0,0,0,0,0,0,1,1,0,0,0,3,1,2,3,1,4,4,6,12,9,18,15,14,13,17,24,35,26,36,42,14,34
195,GUADALUPE,COMPUESTO,12,12,6,8,8,5,8,7,7,7,10,4,8,11,10,6,3,2,9,5,9,10,11,12,9,5,8,8,5,6,9,12,9,12
196,HAJAR,ÁRABE,0,0,0,0,0,1,2,2,4,5,2,7,3,5,0,5,12,1,14,10,13,20,11,13,9,9,6,16,6,7,9,5,9,6
197,HANA,,0,2,0,0,0,0,1,1,4,1,2,1,1,0,1,1,3,0,2,1,2,2,4,2,2,2,1,2,2,1,0,3,2,8
198,HANNA,HEBREO,0,0,0,0,0,0,0,1,1,1,1,1,0,2,4,2,2,0,1,0,3,9,8,2,3,7,1,5,3,4,9,4,3,10
199,HANNAH,HEBREO,0,0,0,0,1,0,0,0,0,1,2,0,0,1,4,3,5,2,4,3,7,11,6,3,4,3,3,2,3,2,1,9,4,11
200,HELENA,GRIEGO,43,43,48,31,43,57,32,33,36,52,45,38,43,43,42,63,51,58,84,83,63,62,70,63,65,72,59,57,52,56,50,55,65,50
201,HENAR,ESPAÑOL,11,8,10,13,12,21,10,6,17,14,8,15,15,19,13,10,18,20,33,25,36,34,33,39,34,48,31,25,27,27,21,16,34,14
202,HIBA,ÁRABE,0,0,0,0,0,0,0,0,0,0,0,0,0,1,0,0,2,6,5,7,8,13,18,15,5,16,13,15,21,13,6,16,5,7
203,HIDAYA,SWAHILI,0,0,0,0,0,0,0,0,0,0,0,0,0,0,0,0,2,0,2,0,2,3,2,5,2,3,5,5,11,10,17,15,2,17
204,IDAIRA,GUACHE,0,0,0,1,0,0,0,1,0,1,2,0,0,0,0,0,0,1,10,22,10,8,5,11,8,4,10,13,7,12,8,11,8,10
205,INARA,ÁRABE,0,0,0,0,0,0,0,0,0,0,0,0,0,0,0,0,0,0,0,0,0,0,1,1,0,3,0,1,3,1,2,2,0,5
206,INAS,ÁRABE,0,0,1,0,0,0,0,1,0,1,1,1,0,2,4,3,7,7,3,2,3,7,18,10,11,12,7,16,11,14,10,12,11,5
207,INDARA,HINDÚ,0,0,0,0,0,0,1,1,0,1,0,0,1,0,0,0,0,0,0,0,0,3,6,3,1,2,0,2,5,6,3,13,1,20
208,INDIA,HINDÚ,0,0,0,0,0,0,1,0,1,1,1,1,1,1,0,1,0,4,2,2,6,4,3,3,1,2,14,17,24,24,47,69,1,54
209,INDIRA,HINDÚ,1,2,1,1,4,0,0,0,0,1,2,0,1,3,0,0,3,3,3,4,3,4,6,4,10,6,10,14,10,10,10,12,10,9
210,INES,GRIEGO,46,39,70,57,76,96,119,139,120,131,134,146,171,179,197,247,239,281,332,347,425,397,402,383,436,385,380,379,364,354,305,297,436,283
211,INGRID,ESCANDINAVO,2,2,3,0,1,1,2,1,1,2,0,2,0,1,1,2,5,10,5,8,9,7,8,12,7,6,14,11,4,7,8,6,7,9
212,IONE,GAÉLICO,0,1,0,0,1,0,0,1,0,1,0,1,1,1,0,1,1,3,0,0,1,1,0,0,1,0,0,0,3,3,0,0,1,5
213,IRATI,VASCO,1,0,0,0,0,1,1,3,2,1,3,2,2,1,3,5,3,3,8,6,11,14,11,15,12,14,10,18,16,23,24,22,12,24
214,IRATXE,VASCO,2,3,1,2,4,4,2,2,4,2,6,6,7,6,29,14,18,32,22,25,24,27,15,13,26,18,16,17,11,9,8,6,26,6
215,IRENE,GRIEGO,391,389,447,433,482,493,525,500,496,542,565,525,536,492,485,497,425,444,563,797,805,691,624,614,536,509,377,353,315,289,228,241,536,170
216,IRIA,CELTA,14,6,6,16,5,11,12,8,8,10,9,8,8,19,18,32,45,39,53,83,67,82,93,86,104,112,124,123,117,125,135,117,104,107
217,IRINA,GRIEGO,4,1,1,5,11,7,10,3,7,5,5,4,4,6,10,6,12,4,4,12,6,8,7,8,16,9,15,23,17,25,12,14,16,11
218,IRIS,GRIEGO,18,75,45,31,56,35,38,29,32,22,30,23,27,38,24,25,37,32,38,35,37,35,44,35,46,54,55,61,61,68,70,59,46,47
219,ISABEL,HEBREO,160,144,142,155,143,164,143,154,124,146,157,140,143,180,169,163,163,163,147,131,150,135,138,155,133,125,144,139,133,89,100,116,133,111
220,ISABELA,HEBREO,0,0,1,0,0,0,2,0,1,0,0,1,1,5,7,7,7,8,10,12,9,15,13,19,18,25,21,12,7,15,14,16,18,20
221,ISABELLA,HEBREO,0,0,0,0,0,0,0,0,1,0,1,2,2,5,13,9,12,7,13,19,20,34,36,44,55,66,48,59,46,51,58,62,55,58
222,ISRAA,ÁRABE,0,2,0,0,0,0,0,0,1,0,0,0,0,0,0,0,0,2,1,1,5,5,9,9,4,5,5,4,10,10,7,8,4,5
223,ITZIAR,VASCO,36,45,39,37,41,36,44,41,53,48,32,56,41,57,55,57,68,95,76,89,84,75,97,64,73,70,54,54,40,32,24,27,73,30
224,JADE,ESPAÑOL,2,0,4,1,0,2,2,1,0,0,0,1,0,0,0,1,3,1,1,3,2,3,6,1,12,10,11,11,19,11,13,24,12,15
225,JANA,HEBREO,14,10,6,12,3,3,3,2,1,3,2,3,5,2,4,6,6,4,5,6,9,16,7,8,12,8,16,13,10,11,11,9,12,24
226,JANET,HEBREO,2,0,1,1,1,1,0,1,8,9,0,8,5,1,3,7,5,2,1,2,3,5,3,4,2,1,3,3,3,3,2,2,2,5
227,JANNAT,AFRICANO,0,0,0,0,0,0,0,0,0,0,0,0,0,0,0,1,0,0,0,0,1,3,2,5,8,11,6,8,11,9,11,10,8,8
228,JARA,ESLAVO,10,7,6,5,9,11,6,7,6,3,5,4,7,14,9,8,14,11,16,19,14,18,15,27,37,31,25,29,29,37,24,30,37,29
229,JENNIFER,CELTA,99,95,118,154,163,165,160,144,110,89,55,39,31,39,47,46,30,27,36,21,29,17,9,6,10,9,5,4,8,3,2,11,10,6
230,JIMENA,HEBREO,4,4,3,6,8,10,9,15,17,12,21,28,34,41,69,80,137,185,238,319,327,328,315,372,356,364,279,247,257,244,279,206,356,212
231,JUANA,HEBREO,7,7,8,7,10,5,8,3,5,3,2,3,1,5,6,6,6,5,4,6,4,6,4,4,12,6,7,6,4,10,6,4,12,9
232,JUDITH,HEBREO,12,8,7,17,19,11,9,21,32,41,27,21,36,38,46,41,31,38,36,47,35,39,26,24,21,31,25,30,25,24,24,18,21,11
233,JULIA,LATINO,41,46,54,57,75,69,64,80,80,90,104,110,115,98,114,118,127,166,182,227,226,277,295,310,318,379,339,359,343,393,376,363,318,359
234,JULIETA,GRIEGO,1,1,1,3,3,4,0,3,0,2,1,1,3,2,4,5,8,10,9,11,20,23,26,33,28,41,46,32,48,61,68,70,28,63
235,JULIETTE,LATINO,0,0,0,0,0,0,0,0,0,1,1,0,1,1,0,3,3,1,1,1,1,1,2,1,5,4,2,5,3,4,3,7,5,5
236,JUNE,VASCO,0,0,0,0,0,0,0,1,0,0,0,0,0,0,0,1,1,1,0,0,5,2,3,6,3,10,0,5,11,14,8,10,3,10
237,KARLA,GERMANO,0,2,0,2,0,0,1,0,3,2,1,3,2,3,3,2,14,12,10,14,15,15,10,9,16,16,12,10,13,10,10,7,16,10
238,KAWTAR,ÁRABE,0,0,0,0,0,0,0,0,1,2,1,0,2,2,4,0,2,3,6,0,10,6,9,7,5,7,10,2,5,7,3,3,5,7
239,KEYLA,GAÉLICO,0,0,1,0,0,1,0,0,1,0,0,0,1,2,0,2,2,0,1,1,3,1,3,2,0,2,3,3,5,5,10,7,0,14
240,KHLOE,GRIEGO,0,0,0,0,0,0,0,0,0,0,0,0,0,0,0,0,0,0,0,0,0,0,0,0,0,0,1,2,5,5,9,12,0,13
241,KIARA,LATINO,0,0,0,0,1,2,3,0,1,2,0,1,0,2,1,2,2,9,5,8,11,8,9,9,10,3,12,12,9,9,9,14,10,12
242,KIRA,GRIEGO,1,0,1,1,1,0,0,0,0,0,0,0,1,1,0,0,1,3,6,3,6,5,8,7,8,6,7,5,8,6,5,6,8,11
243,LAIA,GRIEGO,1,1,1,0,1,1,1,3,3,0,2,3,1,2,6,7,9,17,15,13,18,17,31,41,48,68,65,59,77,106,105,94,48,123
244,LAILA,EGIPCIO,4,3,2,5,5,2,0,7,3,7,8,9,9,10,12,11,8,20,18,17,17,18,20,17,13,7,16,19,13,15,19,15,13,14
245,LARA,GRIEGO,103,94,105,113,104,86,110,75,72,73,70,82,70,74,74,89,120,93,78,95,85,108,97,121,94,111,91,128,129,140,172,164,94,212
246,LAURA,LATINO,1104,1049,1037,1016,1033,995,930,879,955,940,956,1011,1004,1059,984,912,894,965,857,794,670,632,523,572,464,412,309,289,275,237,188,178,464,123
247,LAYAN,,0,0,0,0,0,0,0,0,0,0,0,0,0,0,0,0,1,0,0,0,0,0,0,0,0,1,3,2,5,4,2,5,0,7
248,LAYLA,HEBREO,5,2,0,2,5,1,2,2,1,1,1,2,4,2,1,1,5,3,3,7,2,3,7,6,8,3,5,5,5,5,2,5,8,7
249,LEA,HEBREO,1,0,0,0,1,0,3,1,1,0,3,2,1,0,2,5,2,5,4,4,5,5,6,4,8,15,11,13,7,8,17,10,8,21
250,LEAH,INGLÉS,0,0,0,0,0,1,1,0,0,0,0,0,0,0,1,0,1,0,3,1,1,2,1,1,6,3,6,7,2,4,6,6,6,5
251,LEIA,HEBREO,0,0,1,0,0,0,1,0,0,1,1,0,0,0,1,2,0,0,0,0,1,0,3,4,3,2,6,13,19,14,20,14,3,17
252,LEILA,ÁRABE,3,4,4,5,8,8,5,4,6,5,6,7,6,11,5,3,3,10,4,8,6,5,2,7,12,6,5,5,11,12,5,7,12,12
253,LEIRE,LATINO,16,13,13,10,11,14,23,18,22,25,20,22,37,40,62,52,50,68,93,97,96,148,213,192,154,168,183,174,184,156,146,113,154,101
254,LENA,HEBREO,1,1,0,0,3,3,1,0,1,0,2,0,0,3,1,0,3,6,1,7,3,5,7,5,6,12,7,12,9,8,13,16,6,13
255,LEONOR,COMPUESTO,8,10,7,7,3,4,4,2,5,7,2,5,4,4,4,8,15,17,26,10,16,19,21,23,30,24,37,36,28,37,34,36,30,23
256,LETICIA,LATINO,182,130,136,127,129,117,87,69,46,41,45,34,32,30,31,38,31,22,15,11,12,21,17,15,21,10,17,9,10,13,7,10,21,11
257,LEYLA,ÁRABE,1,2,1,2,3,2,0,1,2,0,2,2,4,0,0,4,1,5,4,2,4,1,0,4,2,1,9,1,5,6,7,4,2,13
258,LEYRE,VASCO,5,6,12,6,13,13,25,12,19,20,30,24,26,27,45,50,53,99,86,110,115,161,180,169,127,151,146,136,126,151,130,120,127,76
259,LIA,HEBREO,0,0,2,0,2,0,3,0,3,1,2,5,4,3,7,7,7,12,15,7,6,9,17,9,7,17,13,24,48,34,29,36,7,64
260,LIBERTAD,LATINO,5,17,12,13,12,6,7,5,4,3,8,7,8,5,6,4,6,3,13,9,8,11,8,6,6,9,3,6,9,8,3,3,6,5
261,LIDIA,LATINO,141,121,133,136,132,127,134,170,126,146,164,154,179,175,163,126,135,109,132,127,99,96,78,64,68,74,49,42,41,37,17,40,68,24
262,LILIA,LATINO,1,1,0,0,2,2,0,0,0,0,2,0,0,0,0,1,2,6,7,0,0,2,0,1,1,2,0,4,6,4,2,4,1,6
263,LILY,INGLÉS,0,0,0,0,0,0,0,0,0,0,0,0,0,0,0,0,0,0,0,1,0,0,1,2,0,1,2,0,2,1,1,1,0,5
264,LINA,GRIEGO,0,0,0,3,0,2,0,1,2,4,2,1,1,5,1,2,6,6,11,20,19,24,28,32,26,30,37,31,26,31,43,52,26,44
265,LIVIA,LATINO,2,0,2,2,1,1,3,0,2,1,2,1,6,1,4,4,6,3,1,5,4,4,3,8,3,3,4,8,9,5,6,1,3,9
266,LOLA,LATINO,0,1,2,5,2,2,4,1,6,5,7,19,17,22,16,33,31,58,75,85,86,107,118,136,151,145,150,156,151,196,159,181,151,179
267,LORETO,LATINO,12,9,9,8,16,15,10,17,16,8,13,18,11,8,15,8,9,7,13,15,14,11,10,19,20,11,10,15,10,7,13,10,20,11
268,LUA,LATINO,3,2,2,1,1,2,4,1,5,3,3,1,1,3,4,6,4,10,8,5,14,9,4,7,13,8,15,16,14,15,15,16,13,23
269,LUCIA,LATINO,217,220,255,259,256,248,277,337,337,478,494,621,740,806,1012,1688,1992,2046,1733,1570,1334,1271,1142,1172,1104,967,914,887,932,893,774,751,1104,661
271,LUCIANA,LATINO,0,0,0,0,0,0,1,0,0,0,0,1,0,0,0,2,0,1,2,0,1,3,4,4,4,7,6,12,6,9,12,17,4,15
272,LUISA,GERMANO,8,6,7,7,2,5,4,4,6,7,7,7,6,7,6,15,10,9,12,12,11,6,5,10,16,19,7,16,15,6,10,16,16,9
273,LUNA,LATINO,14,8,17,12,14,13,14,11,13,15,11,18,26,31,36,46,82,71,94,137,117,122,96,104,113,96,98,91,103,89,117,95,113,114
274,LUZ,LATINO,3,3,4,1,3,6,5,0,5,4,4,4,4,5,3,6,13,8,6,7,15,7,12,17,5,6,9,21,21,13,11,9,5,17
275,LYDIA,GRIEGO,19,33,18,24,24,11,14,39,58,95,102,112,126,94,83,76,74,80,80,73,57,51,47,36,31,32,10,9,12,21,11,12,31,7
276,MACARENA,ESPAÑOL,43,45,55,46,77,65,81,58,45,34,23,30,26,27,23,30,25,29,20,29,29,24,33,25,27,22,22,27,28,35,31,39,27,63
277,MAIA,GRIEGO,0,0,1,0,1,0,0,0,0,0,1,0,0,1,1,1,2,2,4,7,5,9,12,16,13,15,18,17,31,31,34,35,13,42
278,MALAK,ÁRABE,0,0,0,1,0,0,0,0,0,0,0,0,1,1,0,0,4,6,12,14,25,39,58,76,44,56,37,34,27,37,34,21,44,32
279,MALENA,HEBREO,0,0,2,2,0,0,0,4,3,3,11,18,26,27,26,21,16,25,17,16,24,18,24,27,15,18,25,19,18,18,11,6,15,9
280,MANUELA,HEBREO,7,7,9,7,4,9,9,6,7,6,7,11,14,10,23,42,43,55,61,53,70,80,90,86,88,101,89,101,129,144,135,130,88,132
281,MAR,ITALIANO,10,10,7,5,4,9,10,12,10,14,23,21,32,16,19,24,20,23,30,30,31,28,27,20,49,27,23,25,28,27,27,25,49,26
282,MARA,HEBREO,5,1,8,3,5,3,2,4,4,10,8,8,10,6,13,18,31,36,52,46,65,84,68,66,85,76,100,99,89,77,62,75,85,47
283,MARCELA,LATINO,0,2,0,0,0,0,2,0,0,0,1,2,3,2,5,6,8,2,6,7,6,8,4,2,7,3,5,4,2,4,4,9,7,9
284,MARGARITA,LATINO,26,20,17,20,11,11,10,15,8,12,14,7,10,12,13,6,3,5,9,8,12,13,11,12,5,11,4,6,7,7,4,6,5,5
285,MARGOT,PERSA,0,0,0,0,0,0,0,0,1,0,0,0,2,1,0,1,1,1,1,1,2,0,2,0,4,3,2,0,1,1,0,0,4,9
286,MARIA,HEBREO,993,953,888,887,916,1017,927,912,970,1049,1190,1186,1235,1432,1331,1246,1245,1100,1155,1004,999,994,878,892,749,776,635,647,571,556,495,432,749,354
298,MARIAM,ÁRABE,7,1,7,2,5,2,9,8,17,10,23,10,18,23,26,27,29,37,36,36,45,46,36,49,39,30,32,35,29,34,33,30,39,18
299,MARIANA,COMPUESTO,8,9,11,6,8,5,14,17,8,7,17,16,14,14,19,20,28,26,26,23,48,38,32,25,28,25,23,22,23,20,27,23,28,33
300,MARIELA,HEBREO,2,1,1,1,1,0,1,1,0,1,0,1,2,0,0,1,3,6,3,7,13,11,6,8,4,2,7,2,4,4,6,3,4,6
301,MARIETA,HEBREO,1,0,0,0,0,0,0,0,0,1,1,1,1,1,2,1,8,3,1,3,5,2,1,2,4,2,4,4,3,2,5,6,4,9
302,MARINA,LATINO,119,149,179,196,188,231,250,237,252,290,289,311,331,346,283,314,299,286,258,251,238,243,202,216,205,192,172,187,151,130,141,126,205,116
303,MARTA,HEBREO,658,794,842,767,703,696,679,674,689,685,700,676,765,763,770,743,764,682,705,591,583,537,458,443,389,358,283,240,229,223,192,158,389,111
304,MARTINA,LATINO,5,1,3,2,3,3,1,3,6,5,1,3,8,11,26,21,34,59,86,120,183,277,322,399,462,475,530,651,638,630,573,506,462,436
305,MARWA,ÁRABE,0,0,1,0,0,0,0,0,0,1,1,2,0,2,3,3,4,13,7,18,24,26,39,32,34,23,32,21,30,28,25,26,34,24
306,MARYAM,ÁRABE,0,1,1,0,1,2,0,0,1,1,3,2,2,4,3,6,3,1,4,2,8,5,2,12,15,4,9,16,9,10,11,13,15,10
307,MATILDA,GERMANO,0,0,0,0,0,0,0,0,0,0,0,0,0,0,0,0,1,1,3,2,4,3,3,4,7,10,8,8,8,11,8,25,7,13
308,MATILDE,GERMANO,3,3,6,5,1,0,1,2,2,3,1,1,2,3,3,5,5,6,4,8,10,8,14,19,18,8,6,15,14,14,10,7,18,13
309,MAYA,HINDI,3,0,2,0,0,0,2,1,1,0,3,2,4,2,7,8,5,8,13,13,12,24,27,35,22,25,41,40,28,32,36,38,22,38
310,MAYRA,GRIEGO,1,0,2,0,1,0,0,0,0,0,3,2,1,1,1,4,3,7,4,3,2,3,5,9,1,5,2,6,4,5,5,5,1,5
311,MEGAN,GALÉS,0,0,1,1,0,0,2,2,0,0,0,1,2,0,2,1,2,2,1,1,0,0,2,1,7,5,3,9,7,8,6,4,7,7
312,MELISSA,GRIEGO,7,2,4,3,3,3,1,8,5,4,7,7,5,5,7,5,4,5,6,6,7,9,9,15,8,2,5,10,6,6,6,7,8,10
313,MELODY,GRIEGO,0,2,1,2,1,0,0,8,1,1,1,0,3,1,9,4,1,4,0,1,1,3,3,1,2,1,2,0,1,1,0,0,2,5
314,MENCIA,,0,2,1,0,1,0,1,0,0,0,1,2,8,6,12,14,19,22,29,32,44,41,53,36,48,47,42,46,51,47,35,38,48,32
315,MERCEDES,LATINO,45,38,35,35,30,30,26,34,24,27,19,27,28,31,26,25,30,27,21,23,26,21,15,22,17,14,13,9,14,18,6,11,17,16
316,MERIDA,,0,0,0,0,0,0,0,0,0,0,0,0,0,0,0,0,0,0,0,0,0,0,0,0,0,0,0,1,1,8,5,7,0,5
317,MIA,HEBREO,0,0,1,0,0,0,0,0,0,0,1,0,0,0,2,1,2,2,5,8,8,21,15,22,24,36,41,59,84,109,129,145,24,177
321,MIAH,HEBREO,0,0,0,0,0,0,0,0,0,0,0,0,0,0,0,0,0,0,0,0,0,0,3,0,1,1,1,0,2,0,0,3,1,5
322,MICAELA,HEBREO,4,1,1,1,2,3,6,5,0,1,1,5,6,3,2,6,9,16,15,13,10,14,17,11,21,17,16,20,20,22,12,25,21,14
323,MILA,LATINO,0,0,0,0,0,0,0,0,0,0,0,0,0,0,0,1,1,1,1,0,0,1,3,2,2,1,2,3,6,3,6,8,2,9
324,MILENA,HEBREO,2,2,0,2,2,0,0,0,1,4,2,2,1,4,2,5,4,5,6,7,7,7,2,3,3,6,3,6,7,11,11,5,3,5
325,MINERVA,LATINO,3,8,2,6,8,14,4,5,5,5,12,7,12,8,10,10,8,12,11,14,13,14,8,13,14,7,10,9,12,10,9,17,14,9
326,MIRANDA,LATINO,1,0,0,1,1,2,2,7,12,10,1,0,7,9,10,18,5,10,12,7,14,12,15,10,18,22,24,20,29,30,22,30,18,18
327,MIREIA,CATALÁN,13,9,4,8,7,4,7,7,8,7,10,9,17,11,18,42,23,31,30,28,17,31,32,32,29,36,50,23,30,20,28,23,29,19
328,MIREYA,HEBREO,5,4,11,10,13,15,15,13,9,11,16,12,25,24,30,32,35,32,36,37,36,28,24,18,27,26,11,12,13,15,10,16,27,14
329,MIRIAM,HEBREO,251,253,208,231,238,247,312,256,201,241,180,182,243,213,215,206,195,145,121,133,157,182,155,135,86,109,72,70,57,67,49,42,86,47
330,MONICA,GRIEGO,241,268,200,215,179,219,188,202,186,183,174,164,154,154,139,148,155,157,132,118,102,102,93,55,62,40,48,26,37,30,28,19,62,17
331,NADIA,RUSO,24,19,17,22,24,19,26,22,34,23,25,22,25,38,43,51,52,59,66,60,59,75,61,57,50,58,47,44,45,41,39,36,50,37
332,NAHIA,VASCO,0,1,0,0,0,0,0,0,0,0,0,0,0,0,3,2,1,8,4,15,24,21,17,23,34,32,27,42,24,32,34,39,34,31
333,NAHIARA,ÁRABE,0,0,1,0,0,1,0,1,0,2,3,1,0,0,1,1,4,5,2,2,7,7,8,9,8,10,7,4,11,10,3,5,8,6
334,NAIA,PUERTORRIQUEÑO,0,0,0,0,0,0,0,0,0,0,0,0,1,4,1,3,2,6,11,12,31,44,45,57,52,61,63,66,71,74,64,48,52,56
335,NAIARA,VASCO,12,8,14,5,13,6,7,11,9,13,10,16,12,25,42,44,68,69,91,81,91,104,142,100,95,108,98,76,75,59,54,50,95,44
336,NAILA,AFRICANO,0,0,0,1,0,0,3,1,0,0,2,0,2,1,2,1,3,5,1,1,5,3,4,2,4,3,1,6,5,3,2,2,4,6
337,NAIRA,,1,2,0,2,0,2,0,0,1,1,2,1,0,5,4,3,4,3,17,10,9,9,11,7,17,22,19,15,30,36,27,35,17,30
338,NAIROBI,,0,1,0,0,0,0,0,0,0,0,0,0,0,0,0,1,0,1,1,0,0,0,0,0,0,0,0,0,0,1,0,0,0,5
339,NAOMI,HEBREO,3,3,3,2,2,2,3,8,11,10,8,6,10,3,8,9,9,9,13,12,14,11,20,10,10,8,9,16,14,16,13,16,10,17
340,NARA,SÁNSCRITO,2,0,0,0,0,0,0,0,0,0,1,0,0,1,0,2,2,0,1,1,0,3,4,2,4,6,3,6,9,10,10,6,4,6
341,NATALIA,LATINO,233,228,239,304,223,278,319,264,276,326,317,316,337,372,350,436,451,488,501,466,429,375,309,319,299,198,169,132,131,109,80,86,299,48
342,NAYARA,ÁRABE,5,2,5,6,7,5,10,5,3,8,11,7,9,10,18,20,30,42,53,57,67,65,93,72,56,67,74,58,44,40,30,31,56,17
343,NAYLA,ÁRABE,0,0,0,1,2,0,0,0,0,0,1,0,1,1,1,0,1,1,1,0,1,1,3,2,1,2,3,9,5,1,13,5,1,5
344,NAYRA,LATINO,1,0,1,0,1,1,2,1,1,1,3,2,1,3,3,4,9,9,23,13,22,16,13,10,18,26,15,30,38,33,28,30,18,28
345,NAZARET,HEBREO,11,8,15,18,10,14,19,20,14,19,13,15,12,19,20,12,15,20,19,16,24,23,31,35,19,23,29,24,12,17,17,16,19,16
346,NEKANE,LATINO,1,1,1,0,0,2,1,1,1,2,2,1,0,4,3,3,1,7,5,5,4,5,8,2,6,3,5,7,5,13,10,8,6,6
347,NEREA,GRIEGO,124,146,147,155,151,142,176,196,204,174,196,221,250,293,409,409,421,408,420,386,335,332,300,295,297,238,197,202,158,157,150,131,297,95
348,NICOLE,GRIEGO,0,0,0,0,1,4,2,2,2,3,5,4,11,16,24,25,37,36,44,25,29,39,35,28,23,36,21,21,27,21,19,20,23,18
349,NIEVES,LATINO,17,15,20,15,17,13,7,17,14,11,6,12,11,8,13,15,9,12,12,9,19,7,9,5,6,9,9,3,5,9,8,6,6,6
350,NINA,RUSO,0,0,0,1,3,1,0,0,1,0,1,3,0,0,2,2,3,1,2,5,5,5,8,7,11,5,2,11,12,11,11,9,11,15
351,NOA,HEBREO,3,1,0,0,1,2,0,0,2,1,2,2,3,11,13,15,31,30,66,99,171,173,215,270,285,341,398,426,404,461,341,289,285,224
352,NOAH,HEBREO,1,0,0,0,0,0,0,0,0,0,0,1,1,0,0,1,4,4,7,14,15,6,7,10,6,11,12,10,9,9,22,15,6,20
353,NOELIA,FRANCÉS,339,288,253,250,262,255,198,189,241,269,244,272,279,264,239,220,256,213,187,194,160,171,156,133,134,114,119,73,80,69,48,36,134,24
354,NOEMI,HEBREO,90,123,90,106,87,115,75,57,65,49,47,39,36,32,48,44,49,38,36,40,37,49,33,26,28,34,22,32,20,16,17,25,28,21
355,NOOR,ARAMEO,2,0,0,0,1,0,0,2,0,0,1,3,5,5,2,0,2,4,5,3,3,11,6,14,4,2,12,7,7,11,7,9,4,10
356,NOR,,0,0,0,0,0,0,0,0,0,1,0,0,0,1,1,0,0,0,2,3,3,6,4,2,0,7,5,0,6,6,6,8,0,6
357,NORA,GRIEGO,9,15,15,11,12,11,18,14,14,13,13,19,15,19,17,34,30,34,55,59,85,99,101,126,135,144,171,153,117,186,135,132,135,121
358,NORAH,HEBREO,0,0,0,0,0,0,0,0,0,0,0,1,0,0,0,0,2,6,5,3,4,6,8,14,6,7,12,7,8,4,8,4,6,6
359,NOUR,ARAMEO,0,2,0,0,0,0,0,2,0,0,2,1,0,3,1,2,2,6,8,10,11,18,14,12,15,11,20,27,38,28,36,48,15,38
360,NURIA,ESPAÑOL,230,174,187,180,153,145,147,166,137,148,140,122,148,155,146,171,177,144,131,132,114,103,104,78,96,63,36,57,38,44,31,30,96,25
361,OLALLA,GRIEGO,4,4,5,4,4,1,3,8,4,4,4,0,3,3,6,5,1,2,7,4,5,8,11,10,16,15,7,14,13,8,9,5,16,6
362,OLAYA,GRIEGO,1,1,3,3,0,3,1,1,4,1,3,3,4,2,2,6,6,2,6,4,7,10,15,18,17,18,22,12,16,13,8,9,17,9
363,OLGA,SUECO,42,50,46,43,41,42,41,39,33,33,40,32,26,33,35,39,24,29,30,34,25,27,21,23,17,18,11,14,7,15,5,8,17,7
364,OLIMPIA,GRIEGO,1,2,3,3,0,1,0,0,1,0,0,1,2,1,3,1,0,1,2,6,1,7,5,11,3,1,4,3,3,7,2,5,3,5
365,OLIVIA,LATINO,3,9,8,5,5,6,6,5,3,6,10,11,14,19,31,30,35,46,75,75,92,121,125,166,232,278,268,309,415,372,367,383,232,390
366,ONA,HEBREO,0,0,0,0,0,0,0,0,0,0,0,0,0,0,0,0,2,0,0,0,1,0,2,0,0,2,0,2,3,3,2,4,0,10
367,PALOMA,LATINO,176,165,141,149,153,148,128,113,134,141,117,109,106,101,95,99,102,69,60,65,54,56,59,45,40,43,33,21,23,20,28,23,40,24
368,PAOLA,LATINO,7,7,15,7,6,7,7,14,30,40,35,32,35,27,50,47,71,60,69,67,78,67,52,58,50,44,43,50,49,41,38,29,50,19
369,PATRICIA,LATINO,640,575,510,527,608,599,521,549,476,431,450,383,379,383,369,384,349,320,293,239,222,223,178,159,112,96,75,63,50,51,27,35,112,16
370,PAULA,LATINO,166,215,258,222,241,312,335,432,574,646,760,728,910,1036,1078,1067,1260,1207,1078,1053,1021,1099,986,941,921,810,740,697,634,576,500,514,921,365
372,PAULINA,LATINO,0,0,0,1,2,2,1,4,3,1,2,4,1,7,8,5,7,8,8,5,7,4,9,11,3,5,4,4,4,2,5,2,3,5
373,PENELOPE,GRIEGO,2,3,0,2,1,0,5,1,3,3,3,4,6,3,6,4,3,4,6,2,3,5,2,3,4,3,2,2,4,0,1,1,4,5
374,PIA,LATINO,0,0,0,0,1,0,0,0,0,1,0,1,0,0,2,1,0,4,1,4,2,4,4,2,4,8,3,8,5,12,9,13,4,11
375,PILAR,ESPAÑOL,63,41,39,48,47,32,40,41,36,38,41,43,47,39,53,43,51,44,43,37,41,42,46,43,26,36,32,28,21,28,28,36,26,17
376,RANIA,ÁRABE,0,0,0,0,0,0,0,0,1,0,2,1,0,4,9,10,12,7,12,7,16,17,24,24,26,21,18,8,13,12,8,12,26,8
377,RAQUEL,HEBREO,499,448,440,415,392,433,409,371,363,364,357,283,295,281,295,266,223,209,207,172,188,127,146,93,85,90,68,54,47,52,42,29,85,25
378,RAZAN,ÁRABE,0,0,0,0,0,0,0,0,0,0,0,1,0,0,0,0,0,0,0,0,0,1,0,1,0,1,4,2,3,1,1,13,0,7
379,REBECA,HEBREO,209,163,111,103,107,106,117,104,102,85,95,68,76,74,89,75,87,93,85,65,83,75,71,56,45,44,29,33,27,39,24,24,45,17
380,REYES,LATINO,2,6,4,5,4,5,7,3,4,3,2,7,4,3,4,5,4,2,4,1,7,5,7,5,1,4,6,5,2,2,0,3,1,5
381,RIM,ÁRABE,0,2,0,0,2,0,1,0,0,0,1,0,0,4,2,2,1,2,4,3,7,4,12,12,3,11,8,10,8,9,11,13,3,13
382,RITA,LATINO,3,6,3,2,6,0,5,2,7,4,5,7,5,7,5,9,12,5,5,5,14,14,7,9,9,15,7,14,9,12,11,9,9,6
383,ROCIO,LATINO,358,373,371,403,385,367,352,324,342,300,220,280,286,294,265,287,277,321,357,304,334,344,298,263,255,246,205,178,193,167,147,131,255,109
384,ROMA,ITALIANO,1,0,0,0,0,0,0,0,0,0,0,0,0,0,0,0,0,0,1,0,1,1,0,1,0,0,0,2,0,2,3,3,0,12
385,ROSA,LATINO,22,21,16,19,17,25,16,16,4,13,13,17,18,15,15,14,20,19,14,12,12,19,18,12,9,9,10,11,11,9,3,11,9,9
386,ROSARIO,LATINO,6,10,8,4,8,6,13,6,9,10,4,4,3,6,3,10,2,2,5,5,8,6,4,8,8,4,6,3,5,6,3,6,8,5
387,RUBI,LATINO,0,0,0,0,1,1,1,1,2,1,3,1,0,1,0,0,1,0,1,8,11,14,9,4,7,6,12,9,6,7,5,7,7,5
388,RUTH,HEBREO,41,20,44,38,35,26,20,27,34,28,20,37,35,43,44,49,49,53,52,65,64,57,44,57,50,50,30,35,19,22,20,26,50,21
389,SABRIN,,0,0,0,0,0,0,0,1,0,1,1,0,0,1,0,1,3,2,4,3,4,6,1,2,6,8,4,5,7,6,2,5,6,7
390,SABRINA,CELTA,4,2,1,1,1,1,1,1,1,3,0,2,3,4,4,8,6,11,7,11,9,11,8,10,9,15,17,10,7,10,12,6,9,13
391,SALMA,ÁRABE,1,0,0,0,1,0,2,3,4,1,7,8,7,16,45,48,57,59,72,84,88,110,89,68,75,58,58,57,63,51,52,41,75,25
392,SALOME,HEBREO,2,2,1,1,1,2,3,1,3,2,2,1,6,8,1,5,2,4,9,10,10,8,12,9,10,12,3,9,14,9,10,11,10,16
393,SAMANTHA,ARAMEO,8,7,8,5,8,4,1,5,6,8,2,2,4,3,1,4,6,4,5,8,11,18,12,9,17,11,12,11,22,17,9,13,17,18
394,SAMARA,ÁRABE,2,4,7,8,7,20,13,11,11,13,20,13,14,18,16,19,23,18,23,28,33,29,34,36,31,24,20,29,16,24,9,16,31,18
395,SAMIRA,ÁRABE,1,1,2,1,1,3,3,3,4,1,6,9,6,4,11,3,11,8,13,9,9,8,13,22,51,28,23,29,30,24,11,13,51,13
396,SANDRA,GRIEGO,100,157,594,575,529,565,484,468,425,447,413,383,380,444,452,328,316,330,365,288,252,238,182,169,133,115,94,63,66,53,45,28,133,17
397,SARA,HEBREO,797,686,778,657,594,616,669,699,657,629,624,609,629,705,752,686,691,652,661,811,863,913,788,835,774,717,563,539,514,508,404,370,774,290
400,SARAH,HEBREO,6,6,9,5,7,1,4,7,10,16,12,11,15,15,7,15,22,27,18,31,24,39,25,25,36,22,18,23,15,17,14,13,36,5
401,SARAY,HEBREO,21,26,28,14,18,15,24,32,28,37,47,27,24,26,27,32,33,28,46,66,79,38,35,56,41,38,37,26,22,18,15,13,41,12
402,SARAYMA,,0,0,0,0,0,0,0,0,0,0,0,0,0,0,0,0,0,0,0,0,0,0,0,0,0,0,0,0,9,4,13,11,0,7
403,SELENA,GRIEGO,0,8,2,4,2,3,4,2,1,4,3,4,3,8,9,13,12,9,12,10,2,6,5,6,15,9,6,6,7,4,1,5,15,10
404,SHEILA,IRLANDÉS,92,69,66,55,51,76,76,56,42,44,36,35,43,52,47,29,44,39,36,36,57,58,37,33,31,31,29,22,19,27,15,16,31,12
405,SHEREZADE,PERSA,3,5,3,4,5,3,2,3,1,5,0,1,3,0,1,0,4,1,2,1,0,2,2,4,4,3,3,3,4,3,3,1,4,5
406,SHEYLA,LATINO,1,0,2,4,5,5,3,9,11,6,17,9,11,5,4,5,3,6,17,7,11,7,3,4,7,1,8,6,7,6,3,4,7,5
407,SIENA,ANGLOSAJÓN,0,0,0,1,0,0,0,0,0,0,0,0,1,0,0,0,1,0,0,0,1,2,1,6,1,5,6,2,3,3,6,7,1,10
408,SILVIA,LATINO,350,300,320,278,236,266,239,258,253,234,221,248,218,224,249,208,253,196,199,183,175,143,161,132,131,120,95,71,81,68,50,52,131,31
409,SIRA,LATINO,3,3,1,1,3,1,2,1,1,0,0,1,3,1,0,4,3,6,6,5,5,7,9,7,9,13,10,34,31,35,23,14,9,6
410,SOFIA,GRIEGO,65,73,70,74,84,74,109,112,120,152,173,189,222,303,336,378,443,436,582,644,632,708,783,781,786,727,633,737,678,712,790,680,786,592
413,SOL,LATINO,2,1,0,2,2,1,0,0,4,4,3,6,4,7,9,6,13,14,21,25,21,17,21,24,19,14,25,20,21,28,28,17,19,26
414,SONIA,GRIEGO,179,177,196,142,147,156,126,156,131,112,126,110,98,89,84,87,71,70,62,49,46,63,41,46,33,25,22,30,30,20,15,16,33,7
415,SOPHIA,GRIEGO,0,0,0,0,0,0,1,1,0,2,0,0,0,2,2,2,4,3,5,4,11,7,7,14,18,11,13,11,12,16,21,13,18,18
416,SOPHIE,VASCO,0,0,0,0,0,2,1,1,5,0,0,1,0,1,1,2,1,3,3,3,2,4,9,6,10,10,8,11,10,16,13,9,10,10
417,SORAYA,PERSA,107,98,80,110,90,81,77,54,55,39,56,40,39,34,23,38,26,34,40,47,38,32,47,32,25,21,20,15,13,13,15,12,25,5
418,SUHAILA,AFRICANO,0,1,0,0,0,1,0,0,0,0,0,1,0,1,0,1,0,0,0,1,1,1,0,0,0,1,10,6,6,7,3,2,0,6
419,SUSANA,HEBREO,169,124,102,110,111,110,93,81,70,66,72,54,66,71,74,52,58,51,51,41,44,48,35,34,33,24,15,23,21,16,11,11,33,13
420,TAMARA,HEBREO,378,400,315,256,253,206,155,146,147,106,87,79,75,93,19,12,7,8,7,14,9,12,10,9,10,10,12,15,16,8,6,5,10,11
421,TANIA,LATINO,164,148,123,131,118,112,113,103,58,69,66,61,64,58,47,37,41,28,47,40,26,43,29,26,29,30,14,11,22,11,8,2,29,6
422,TASNIM,AFRICANO,0,0,0,0,0,0,0,0,1,0,0,1,0,0,0,0,1,0,1,1,2,6,4,5,0,5,4,5,4,13,19,19,0,22
423,TATIANA,LATINO,22,32,21,26,22,17,23,18,11,11,20,14,18,22,9,10,17,16,16,16,10,23,18,16,20,20,10,9,7,7,7,8,20,5
424,TELMA,GERMANO,0,0,0,0,0,0,0,0,0,0,0,2,0,0,0,0,1,0,5,3,5,13,9,16,11,9,6,10,15,12,17,14,11,11
425,TERESA,GRIEGO,64,65,49,61,45,56,65,67,72,71,69,80,83,88,85,97,110,90,76,79,82,92,81,71,72,70,57,59,65,61,61,51,72,43
426,THAIS,GRIEGO,8,4,11,4,7,6,3,2,5,3,2,4,0,4,6,3,2,4,2,6,5,11,8,5,15,12,14,15,5,14,13,16,15,5
427,THALIA,,0,0,0,0,1,1,0,0,0,0,1,6,12,7,11,9,7,5,11,6,4,9,7,3,2,2,7,5,5,7,5,6,2,7
428,TRIANA,ÁRABE,5,2,1,6,4,5,8,5,2,5,2,1,10,5,6,4,8,10,13,6,10,18,17,31,24,30,40,72,120,116,125,113,24,110
429,UXIA,GRIEGO,0,1,0,0,0,0,1,0,0,1,1,0,0,1,3,2,2,3,2,5,5,2,5,10,5,2,4,6,7,6,3,10,5,7
430,UXUE,VASCO,0,0,1,0,0,1,0,0,0,0,0,0,0,0,2,1,3,2,0,5,12,12,7,6,8,6,6,10,3,5,6,2,8,8
431,VALENTINA,LATINO,0,2,2,1,1,3,2,4,3,2,2,4,7,16,26,42,48,34,48,58,54,64,71,87,108,177,238,283,239,249,198,216,108,196
432,VALERIA,LATINO,4,4,6,7,5,10,6,1,4,11,16,25,19,27,45,62,73,69,98,155,218,211,222,245,393,504,506,529,459,458,437,369,393,299
433,VALLE,LATINO,0,0,1,0,0,0,1,0,2,1,0,0,4,1,2,4,2,6,2,1,3,8,3,2,3,8,5,6,7,6,10,3,3,9
434,VEGA,LATINO,0,3,1,3,0,0,1,3,1,3,1,5,0,3,5,4,9,11,23,19,41,50,61,85,112,156,184,218,248,296,285,243,112,282
435,VERA,LATINO,5,4,1,6,1,5,5,3,2,3,9,2,4,4,11,28,40,33,33,33,45,52,60,93,118,139,260,288,318,332,281,293,118,189
436,VERONICA,HEBREO,341,315,277,192,169,201,165,148,118,99,72,90,76,88,79,109,83,75,62,41,68,61,48,43,39,20,31,27,21,24,16,13,39,12
437,VICTORIA,LATINO,67,35,48,55,66,64,53,49,43,51,55,67,65,61,85,91,110,127,139,121,156,180,177,159,182,185,168,160,163,169,179,209,182,192
439,VIOLETA,LATINO,24,35,28,19,17,24,22,15,13,15,26,22,22,27,16,37,40,38,41,52,39,71,60,59,54,69,49,34,27,37,34,30,54,36
440,YAIZA,ESPAÑOL,22,26,35,33,54,63,76,75,89,64,49,59,64,65,98,72,109,128,116,96,104,92,83,82,87,70,54,72,60,48,40,32,87,21
441,YANIRA,GRIEGO,2,4,6,4,9,9,6,8,8,9,6,5,4,14,11,12,8,9,29,43,58,30,34,28,30,22,28,26,24,18,10,13,30,10
442,YARA,TUPÍ,4,1,3,3,1,10,4,2,2,2,3,5,3,10,4,5,9,5,6,6,8,9,11,11,8,11,8,7,13,10,14,10,8,19
443,YAREL,HEBREO,0,0,0,0,0,0,0,0,0,0,0,1,0,0,0,0,0,1,0,0,0,1,1,1,0,0,0,1,0,2,1,1,0,11
444,YARELI,NATIVO,0,0,0,0,0,0,0,0,0,0,0,0,0,0,0,0,0,0,0,0,3,0,0,0,0,0,0,0,5,2,2,2,0,8
445,YAREN,,0,0,0,0,0,0,0,0,0,0,0,0,0,0,0,0,0,0,0,0,0,0,0,0,0,0,0,0,0,0,0,0,0,6
446,YASMIN,PERSA,7,2,3,5,4,2,6,9,11,8,13,12,16,14,22,19,26,19,23,38,46,62,51,46,43,39,53,36,37,28,44,34,43,34
447,YASMINA,PERSA,17,29,18,23,19,12,20,6,5,7,9,17,10,16,21,20,18,23,23,38,20,30,23,21,15,17,12,20,17,18,17,10,15,7
448,YASMINE,PERSA,0,1,0,3,1,0,1,0,2,3,4,1,5,3,2,8,10,6,9,6,5,10,7,7,5,9,6,9,7,3,5,4,5,5
449,ZAHARA,ÁRABE,1,2,3,4,0,1,3,0,0,2,1,1,0,0,0,0,0,1,3,1,2,2,3,2,2,2,2,2,2,0,2,8,2,6
450,ZAINAB,AFRICANO,0,0,0,0,0,0,0,1,1,1,1,0,1,2,1,0,1,2,1,2,1,4,5,3,5,10,3,4,6,12,6,8,5,7
451,ZAIRA,ÁRABE,13,19,22,17,16,17,17,8,12,15,12,15,10,26,79,70,52,49,46,38,58,34,36,46,44,35,24,24,25,19,19,15,44,18
452,ZOE,GRIEGO,0,1,1,3,1,2,3,2,4,3,3,10,7,6,9,4,16,19,23,31,40,57,54,60,76,96,98,106,122,119,135,147,76,125
